device_id,device_type,os_type,is_vpn_used
DV_ANDROI_001,Laptop,Android 11,0
DV_UBUNTU_002,Tablet,Ubuntu 20.04,1
DV_WINDOW_003,Desktop,Windows 11,1
DV_ANDROI_004,Tablet,Android 11,0
DV_ANDROI_005,Desktop,Android 13,0
DV_ANDROI_006,Desktop,Android 13,0
DV_ANDROI_007,Unknown,Android 13,0
DV_ANDROI_008,Desktop,Android 11,0
DV_IOS16_009,Smartphone,iOS 16,0
DV_OTHERL_010,Tablet,Other Linux,1
DV_ANDROI_011,Laptop,Android 11,0
DV_WINDOW_012,Tablet,Windows 10,0
DV_IOS16_013,Tablet,iOS 16,1
DV_IOS16_014,Laptop,iOS 16,0
DV_UBUNTU_015,Tablet,Ubuntu 20.04,0
DV_WINDOW_016,Smartphone,Windows 11,1
DV_WINDOW_017,Smartphone,Windows 11,0
DV_ANDROI_018,Smartphone,Android 11,0
DV_ANDROI_019,Unknown,Android 13,0
DV_MACOS1_020,Smartphone,macOS 12,0
DV_WINDOW_021,Unknown,Windows 10,0
DV_ANDROI_022,Tablet,Android 11,0
DV_ANDROI_023,Tablet,Android 12,0
DV_IOS14_024,Laptop,iOS 14,0
DV_OTHERL_025,Laptop,Other Linux,0
DV_MACOS1_026,Laptop,macOS 12,0
DV_ANDROI_027,Laptop,Android 11,1
DV_OTHERL_028,Tablet,Other Linux,0
DV_ANDROI_029,Unknown,Android 13,0
DV_IOS14_030,Laptop,iOS 14,0
DV_IOS16_031,Desktop,iOS 16,0
DV_MACOS1_032,Smartphone,macOS 12,0
DV_WINDOW_033,Desktop,Windows 10,0
DV_WINDOW_034,Laptop,Windows 10,0
DV_MACOS1_035,Tablet,macOS 12,1
DV_ANDROI_036,Smartphone,Android 13,0
DV_IOS15_037,Laptop,iOS 15,1
DV_ANDROI_038,Smartphone,Android 12,0
DV_IOS15_039,Desktop,iOS 15,0
DV_OTHERL_040,Smartphone,Other Linux,1
DV_IOS16_041,Tablet,iOS 16,0
DV_ANDROI_042,Unknown,Android 13,1
DV_OTHERL_043,Laptop,Other Linux,0
DV_UBUNTU_044,Smartphone,Ubuntu 20.04,0
DV_IOS15_045,Tablet,iOS 15,0
DV_MACOS1_046,Tablet,macOS 12,1
DV_IOS15_047,Desktop,iOS 15,0
DV_IOS15_048,Tablet,iOS 15,1
DV_UBUNTU_049,Desktop,Ubuntu 20.04,0
DV_OTHERL_050,Smartphone,Other Linux,0
