state_ut_code,state_ut_name,type,capital
AP,Andhra Pradesh,State,Amaravati
AR,Arunachal Pradesh,State,Itanagar
AS,Assam,State,Dispur
BR,Bihar,State,Patna
CT,Chhattisgarh,State,Raipur
GA,Goa,State,Panaji
GJ,Gujarat,State,Gandhinagar
HR,Haryana,State,Chandigarh
HP,Himachal Pradesh,State,Shimla
JH,Jharkhand,State,Ranchi
KA,Karnataka,State,Bengaluru
KL,Kerala,State,Thiruvananthapuram
MP,Madhya Pradesh,State,Bhopal
MH,Maharashtra,State,Mumbai
MN,Manipur,State,Imphal
ML,Meghalaya,State,Shillong
MZ,Mizoram,State,Aizawl
NL,Nagaland,State,Kohima
OR,Odisha,State,Bhubaneswar
PB,Punjab,State,Chandigarh
RJ,Rajasthan,State,Jaipur
SK,Sikkim,State,Gangtok
TN,Tamil Nadu,State,Chennai
TG,Telangana,State,Hyderabad
TR,Tripura,State,Agartala
UK,Uttarakhand,State,Dehradun
UP,Uttar Pradesh,State,Lucknow
WB,West Bengal,State,Kolkata
AN,Andaman and Nicobar Islands,UT,Port Blair
CH,Chandigarh,UT,Chandigarh
DN,Dadra and Nagar Haveli and Daman and Diu,UT,Daman
DL,Delhi,UT,New Delhi
JK,Jammu and Kashmir,UT,Srinagar
LA,Ladakh,UT,Leh
LD,Lakshadweep,UT,Kavaratti
PY,Puducherry,UT,Puducherry
