city_id,city_name,urban_rural_flag,state_ut_code
CT_AND_AP_001,Andhra City 1,Urban,AP
CT_AND_AP_002,Andhra City 2,Rural,AR
CT_AND_AP_003,Andhra City 3,Urban,AS
CT_AND_AP_004,Andhra City 4,Urban,BR
CT_AND_AP_005,Andhra City 5,Urban,CT
CT_AND_AP_006,Andhra City 6,Urban,GA
CT_AND_AP_007,Andhra City 7,Urban,GJ
CT_AND_AP_008,Andhra City 8,Urban,HR
CT_AND_AP_009,Andhra City 9,Urban,HP
CT_AND_AP_010,Andhra City 10,Rural,JH
CT_AND_AP_011,Andhra City 11,Urban,KA
CT_AND_AP_012,Andhra City 12,Urban,KL
CT_ARU_AR_001,Arunachal City 1,Rural,MP
CT_ARU_AR_002,Arunachal City 2,Urban,MH
CT_ARU_AR_003,Arunachal City 3,Urban,MN
CT_ARU_AR_004,Arunachal City 4,Urban,ML
CT_ARU_AR_005,Arunachal City 5,Urban,MZ
CT_ARU_AR_006,Arunachal City 6,Urban,NL
CT_ARU_AR_007,Arunachal City 7,Urban,OR
CT_ARU_AR_008,Arunachal City 8,Rural,PB
CT_ARU_AR_009,Arunachal City 9,Urban,RJ
CT_ARU_AR_010,Arunachal City 10,Urban,SK
CT_ARU_AR_011,Arunachal City 11,Urban,TN
CT_ARU_AR_012,Arunachal City 12,Urban,TG
CT_ASS_AS_001,Assam City 1,Urban,TR
CT_ASS_AS_002,Assam City 2,Urban,UK
CT_ASS_AS_003,Assam City 3,Urban,UP
CT_ASS_AS_004,Assam City 4,Urban,WB
CT_ASS_AS_005,Assam City 5,Urban,AN
CT_ASS_AS_006,Assam City 6,Urban,CH
CT_ASS_AS_007,Assam City 7,Urban,DN
CT_ASS_AS_008,Assam City 8,Urban,DL
CT_ASS_AS_009,Assam City 9,Urban,JK
CT_ASS_AS_010,Assam City 10,Urban,LA
CT_ASS_AS_011,Assam City 11,Urban,LD
CT_ASS_AS_012,Assam City 12,Urban,PY
CT_BIH_BR_001,Bihar City 1,Urban,AP
CT_BIH_BR_002,Bihar City 2,Urban,AR
CT_BIH_BR_003,Bihar City 3,Urban,AS
CT_BIH_BR_004,Bihar City 4,Urban,BR
CT_BIH_BR_005,Bihar City 5,Urban,CT
CT_BIH_BR_006,Bihar City 6,Rural,GA
CT_BIH_BR_007,Bihar City 7,Urban,GJ
CT_BIH_BR_008,Bihar City 8,Urban,HR
CT_BIH_BR_009,Bihar City 9,Urban,HP
CT_BIH_BR_010,Bihar City 10,Urban,JH
CT_BIH_BR_011,Bihar City 11,Urban,KA
CT_BIH_BR_012,Bihar City 12,Urban,KL
CT_CHH_CT_001,Chhattisgarh City 1,Urban,MP
CT_CHH_CT_002,Chhattisgarh City 2,Urban,MH
CT_CHH_CT_003,Chhattisgarh City 3,Urban,MN
CT_CHH_CT_004,Chhattisgarh City 4,Urban,ML
CT_CHH_CT_005,Chhattisgarh City 5,Urban,MZ
CT_CHH_CT_006,Chhattisgarh City 6,Urban,NL
CT_CHH_CT_007,Chhattisgarh City 7,Urban,OR
CT_CHH_CT_008,Chhattisgarh City 8,Urban,PB
CT_CHH_CT_009,Chhattisgarh City 9,Urban,RJ
CT_CHH_CT_010,Chhattisgarh City 10,Urban,SK
CT_CHH_CT_011,Chhattisgarh City 11,Urban,TN
CT_CHH_CT_012,Chhattisgarh City 12,Urban,TG
CT_GOA_GA_001,Goa City 1,Urban,TR
CT_GOA_GA_002,Goa City 2,Urban,UK
CT_GOA_GA_003,Goa City 3,Urban,UP
CT_GOA_GA_004,Goa City 4,Urban,WB
CT_GOA_GA_005,Goa City 5,Urban,AN
CT_GOA_GA_006,Goa City 6,Urban,CH
CT_GOA_GA_007,Goa City 7,Urban,DN
CT_GOA_GA_008,Goa City 8,Rural,DL
CT_GOA_GA_009,Goa City 9,Urban,JK
CT_GOA_GA_010,Goa City 10,Urban,LA
CT_GOA_GA_011,Goa City 11,Urban,LD
CT_GOA_GA_012,Goa City 12,Urban,PY
CT_AHM_GJ_001,Ahmedabad,Urban,AP
CT_SUR_GJ_002,Surat,Urban,AR
CT_VAD_GJ_003,Vadodara,Urban,AS
CT_RAJ_GJ_004,Rajkot,Urban,BR
CT_BHA_GJ_005,Bhavnagar,Urban,CT
CT_JAM_GJ_006,Jamnagar,Urban,GA
CT_GAN_GJ_007,Gandhinagar,Urban,GJ
CT_MOR_GJ_008,Morbi,Urban,HR
CT_JUN_GJ_009,Junagadh,Urban,HP
CT_ANA_GJ_010,Anand,Urban,JH
CT_BHU_GJ_011,Bhuj,Urban,KA
CT_POR_GJ_012,Porbandar,Urban,KL
CT_HAR_HR_001,Haryana City 1,Urban,MP
CT_HAR_HR_002,Haryana City 2,Urban,MH
CT_HAR_HR_003,Haryana City 3,Urban,MN
CT_HAR_HR_004,Haryana City 4,Urban,ML
CT_HAR_HR_005,Haryana City 5,Urban,MZ
CT_HAR_HR_006,Haryana City 6,Rural,NL
CT_HAR_HR_007,Haryana City 7,Urban,OR
CT_HAR_HR_008,Haryana City 8,Urban,PB
CT_HAR_HR_009,Haryana City 9,Urban,RJ
CT_HAR_HR_010,Haryana City 10,Urban,SK
CT_HAR_HR_011,Haryana City 11,Urban,TN
CT_HAR_HR_012,Haryana City 12,Urban,TG
CT_HIM_HP_001,Himachal City 1,Urban,TR
CT_HIM_HP_002,Himachal City 2,Urban,UK
CT_HIM_HP_003,Himachal City 3,Urban,UP
CT_HIM_HP_004,Himachal City 4,Urban,WB
CT_HIM_HP_005,Himachal City 5,Rural,AN
CT_HIM_HP_006,Himachal City 6,Urban,CH
CT_HIM_HP_007,Himachal City 7,Urban,DN
CT_HIM_HP_008,Himachal City 8,Urban,DL
CT_HIM_HP_009,Himachal City 9,Urban,JK
CT_HIM_HP_010,Himachal City 10,Urban,LA
CT_HIM_HP_011,Himachal City 11,Urban,LD
CT_HIM_HP_012,Himachal City 12,Urban,PY
CT_JHA_JH_001,Jharkhand City 1,Urban,AP
CT_JHA_JH_002,Jharkhand City 2,Urban,AR
CT_JHA_JH_003,Jharkhand City 3,Urban,AS
CT_JHA_JH_004,Jharkhand City 4,Urban,BR
CT_JHA_JH_005,Jharkhand City 5,Urban,CT
CT_JHA_JH_006,Jharkhand City 6,Urban,GA
CT_JHA_JH_007,Jharkhand City 7,Urban,GJ
CT_JHA_JH_008,Jharkhand City 8,Urban,HR
CT_JHA_JH_009,Jharkhand City 9,Urban,HP
CT_JHA_JH_010,Jharkhand City 10,Urban,JH
CT_JHA_JH_011,Jharkhand City 11,Urban,KA
CT_JHA_JH_012,Jharkhand City 12,Urban,KL
CT_BEN_KA_001,Bengaluru,Urban,MP
CT_MYS_KA_002,Mysuru,Urban,MH
CT_MAN_KA_003,Mangalore,Urban,MN
CT_HUB_KA_004,Hubli,Urban,ML
CT_BEL_KA_005,Belgaum,Rural,MZ
CT_DAV_KA_006,Davangere,Urban,NL
CT_SHI_KA_007,Shimoga,Rural,OR
CT_BEL_KA_008,Bellary,Urban,PB
CT_BIJ_KA_009,Bijapur,Urban,RJ
CT_TUM_KA_010,Tumakuru,Urban,SK
CT_UDU_KA_011,Udupi,Urban,TN
CT_HAS_KA_012,Hassan,Urban,TG
CT_KER_KL_001,Kerala City 1,Urban,TR
CT_KER_KL_002,Kerala City 2,Urban,UK
CT_KER_KL_003,Kerala City 3,Urban,UP
CT_KER_KL_004,Kerala City 4,Urban,WB
CT_KER_KL_005,Kerala City 5,Urban,AN
CT_KER_KL_006,Kerala City 6,Urban,CH
CT_KER_KL_007,Kerala City 7,Urban,DN
CT_KER_KL_008,Kerala City 8,Urban,DL
CT_KER_KL_009,Kerala City 9,Urban,JK
CT_KER_KL_010,Kerala City 10,Urban,LA
CT_KER_KL_011,Kerala City 11,Urban,LD
CT_KER_KL_012,Kerala City 12,Urban,PY
CT_MAD_MP_001,Madhya City 1,Urban,AP
CT_MAD_MP_002,Madhya City 2,Urban,AR
CT_MAD_MP_003,Madhya City 3,Urban,AS
CT_MAD_MP_004,Madhya City 4,Urban,BR
CT_MAD_MP_005,Madhya City 5,Urban,CT
CT_MAD_MP_006,Madhya City 6,Urban,GA
CT_MAD_MP_007,Madhya City 7,Urban,GJ
CT_MAD_MP_008,Madhya City 8,Urban,HR
CT_MAD_MP_009,Madhya City 9,Urban,HP
CT_MAD_MP_010,Madhya City 10,Urban,JH
CT_MAD_MP_011,Madhya City 11,Urban,KA
CT_MAD_MP_012,Madhya City 12,Urban,KL
CT_MUM_MH_001,Mumbai,Urban,MP
CT_PUN_MH_002,Pune,Urban,MH
CT_NAG_MH_003,Nagpur,Urban,MN
CT_NAS_MH_004,Nashik,Urban,ML
CT_THA_MH_005,Thane,Urban,MZ
CT_AUR_MH_006,Aurangabad,Urban,NL
CT_KOL_MH_007,Kolhapur,Urban,OR
CT_SOL_MH_008,Solapur,Urban,PB
CT_AMR_MH_009,Amravati,Urban,RJ
CT_AKO_MH_010,Akola,Urban,SK
CT_JAL_MH_011,Jalgaon,Urban,TN
CT_LAT_MH_012,Latur,Urban,TG
CT_MAN_MN_001,Manipur City 1,Urban,TR
CT_MAN_MN_002,Manipur City 2,Urban,UK
CT_MAN_MN_003,Manipur City 3,Urban,UP
CT_MAN_MN_004,Manipur City 4,Urban,WB
CT_MAN_MN_005,Manipur City 5,Urban,AN
CT_MAN_MN_006,Manipur City 6,Urban,CH
CT_MAN_MN_007,Manipur City 7,Urban,DN
CT_MAN_MN_008,Manipur City 8,Urban,DL
CT_MAN_MN_009,Manipur City 9,Urban,JK
CT_MAN_MN_010,Manipur City 10,Urban,LA
CT_MAN_MN_011,Manipur City 11,Urban,LD
CT_MAN_MN_012,Manipur City 12,Urban,PY
CT_MEG_ML_001,Meghalaya City 1,Urban,AP
CT_MEG_ML_002,Meghalaya City 2,Urban,AR
CT_MEG_ML_003,Meghalaya City 3,Urban,AS
CT_MEG_ML_004,Meghalaya City 4,Urban,BR
CT_MEG_ML_005,Meghalaya City 5,Urban,CT
CT_MEG_ML_006,Meghalaya City 6,Urban,GA
CT_MEG_ML_007,Meghalaya City 7,Urban,GJ
CT_MEG_ML_008,Meghalaya City 8,Urban,HR
CT_MEG_ML_009,Meghalaya City 9,Urban,HP
CT_MEG_ML_010,Meghalaya City 10,Urban,JH
CT_MEG_ML_011,Meghalaya City 11,Urban,KA
CT_MEG_ML_012,Meghalaya City 12,Urban,KL
CT_MIZ_MZ_001,Mizoram City 1,Urban,MP
CT_MIZ_MZ_002,Mizoram City 2,Urban,MH
CT_MIZ_MZ_003,Mizoram City 3,Urban,MN
CT_MIZ_MZ_004,Mizoram City 4,Urban,ML
CT_MIZ_MZ_005,Mizoram City 5,Urban,MZ
CT_MIZ_MZ_006,Mizoram City 6,Urban,NL
CT_MIZ_MZ_007,Mizoram City 7,Urban,OR
CT_MIZ_MZ_008,Mizoram City 8,Urban,PB
CT_MIZ_MZ_009,Mizoram City 9,Urban,RJ
CT_MIZ_MZ_010,Mizoram City 10,Urban,SK
CT_MIZ_MZ_011,Mizoram City 11,Urban,TN
CT_MIZ_MZ_012,Mizoram City 12,Urban,TG
CT_NAG_NL_001,Nagaland City 1,Urban,TR
CT_NAG_NL_002,Nagaland City 2,Urban,UK
CT_NAG_NL_003,Nagaland City 3,Urban,UP
CT_NAG_NL_004,Nagaland City 4,Urban,WB
CT_NAG_NL_005,Nagaland City 5,Urban,AN
CT_NAG_NL_006,Nagaland City 6,Urban,CH
CT_NAG_NL_007,Nagaland City 7,Urban,DN
CT_NAG_NL_008,Nagaland City 8,Urban,DL
CT_NAG_NL_009,Nagaland City 9,Urban,JK
CT_NAG_NL_010,Nagaland City 10,Urban,LA
CT_NAG_NL_011,Nagaland City 11,Urban,LD
CT_NAG_NL_012,Nagaland City 12,Urban,PY
CT_ODI_OR_001,Odisha City 1,Urban,AP
CT_ODI_OR_002,Odisha City 2,Urban,AR
CT_ODI_OR_003,Odisha City 3,Urban,AS
CT_ODI_OR_004,Odisha City 4,Urban,BR
CT_ODI_OR_005,Odisha City 5,Urban,CT
CT_ODI_OR_006,Odisha City 6,Urban,GA
CT_ODI_OR_007,Odisha City 7,Urban,GJ
CT_ODI_OR_008,Odisha City 8,Urban,HR
CT_ODI_OR_009,Odisha City 9,Urban,HP
CT_ODI_OR_010,Odisha City 10,Urban,JH
CT_ODI_OR_011,Odisha City 11,Urban,KA
CT_ODI_OR_012,Odisha City 12,Urban,KL
CT_PUN_PB_001,Punjab City 1,Urban,MP
CT_PUN_PB_002,Punjab City 2,Urban,MH
CT_PUN_PB_003,Punjab City 3,Urban,MN
CT_PUN_PB_004,Punjab City 4,Urban,ML
CT_PUN_PB_005,Punjab City 5,Urban,MZ
CT_PUN_PB_006,Punjab City 6,Urban,NL
CT_PUN_PB_007,Punjab City 7,Urban,OR
CT_PUN_PB_008,Punjab City 8,Urban,PB
CT_PUN_PB_009,Punjab City 9,Urban,RJ
CT_PUN_PB_010,Punjab City 10,Urban,SK
CT_PUN_PB_011,Punjab City 11,Urban,TN
CT_PUN_PB_012,Punjab City 12,Urban,TG
CT_RAJ_RJ_001,Rajasthan City 1,Urban,TR
CT_RAJ_RJ_002,Rajasthan City 2,Urban,UK
CT_RAJ_RJ_003,Rajasthan City 3,Urban,UP
CT_RAJ_RJ_004,Rajasthan City 4,Urban,WB
CT_RAJ_RJ_005,Rajasthan City 5,Urban,AN
CT_RAJ_RJ_006,Rajasthan City 6,Urban,CH
CT_RAJ_RJ_007,Rajasthan City 7,Urban,DN
CT_RAJ_RJ_008,Rajasthan City 8,Urban,DL
CT_RAJ_RJ_009,Rajasthan City 9,Urban,JK
CT_RAJ_RJ_010,Rajasthan City 10,Urban,LA
CT_RAJ_RJ_011,Rajasthan City 11,Urban,LD
CT_RAJ_RJ_012,Rajasthan City 12,Urban,PY
CT_SIK_SK_001,Sikkim City 1,Urban,AP
CT_SIK_SK_002,Sikkim City 2,Urban,AR
CT_SIK_SK_003,Sikkim City 3,Urban,AS
CT_SIK_SK_004,Sikkim City 4,Urban,BR
CT_SIK_SK_005,Sikkim City 5,Urban,CT
CT_SIK_SK_006,Sikkim City 6,Urban,GA
CT_SIK_SK_007,Sikkim City 7,Urban,GJ
CT_SIK_SK_008,Sikkim City 8,Urban,HR
CT_SIK_SK_009,Sikkim City 9,Urban,HP
CT_SIK_SK_010,Sikkim City 10,Urban,JH
CT_SIK_SK_011,Sikkim City 11,Urban,KA
CT_SIK_SK_012,Sikkim City 12,Urban,KL
CT_CHE_TN_001,Chennai,Urban,MP
CT_COI_TN_002,Coimbatore,Urban,MH
CT_MAD_TN_003,Madurai,Urban,MN
CT_TIR_TN_004,Tiruchirappalli,Urban,ML
CT_SAL_TN_005,Salem,Urban,MZ
CT_TIR_TN_006,Tirunelveli,Rural,NL
CT_VEL_TN_007,Vellore,Urban,OR
CT_ERO_TN_008,Erode,Urban,PB
CT_THO_TN_009,Thoothukudi,Urban,RJ
CT_NAG_TN_010,Nagercoil,Urban,SK
CT_KAN_TN_011,Kanchipuram,Urban,TN
CT_TIR_TN_012,Tiruppur,Urban,TG
CT_HYD_TG_001,Hyderabad,Urban,TR
CT_WAR_TG_002,Warangal,Urban,UK
CT_NIZ_TG_003,Nizamabad,Urban,UP
CT_KAR_TG_004,Karimnagar,Urban,WB
CT_KHA_TG_005,Khammam,Urban,AN
CT_MAH_TG_006,Mahbubnagar,Urban,CH
CT_NAL_TG_007,Nalgonda,Urban,DN
CT_ADI_TG_008,Adilabad,Urban,DL
CT_SUR_TG_009,Suryapet,Urban,JK
CT_RAM_TG_010,Ramagundam,Urban,LA
CT_KOT_TG_011,Kothagudem,Urban,LD
CT_MIR_TG_012,Miryalaguda,Urban,PY
CT_TRI_TR_001,Tripura City 1,Urban,AP
CT_TRI_TR_002,Tripura City 2,Urban,AR
CT_TRI_TR_003,Tripura City 3,Rural,AS
CT_TRI_TR_004,Tripura City 4,Urban,BR
CT_TRI_TR_005,Tripura City 5,Urban,CT
CT_TRI_TR_006,Tripura City 6,Urban,GA
CT_TRI_TR_007,Tripura City 7,Urban,GJ
CT_TRI_TR_008,Tripura City 8,Urban,HR
CT_TRI_TR_009,Tripura City 9,Urban,HP
CT_TRI_TR_010,Tripura City 10,Rural,JH
CT_TRI_TR_011,Tripura City 11,Urban,KA
CT_TRI_TR_012,Tripura City 12,Urban,KL
CT_UTT_UK_001,Uttarakhand City 1,Urban,MP
CT_UTT_UK_002,Uttarakhand City 2,Urban,MH
CT_UTT_UK_003,Uttarakhand City 3,Urban,MN
CT_UTT_UK_004,Uttarakhand City 4,Urban,ML
CT_UTT_UK_005,Uttarakhand City 5,Urban,MZ
CT_UTT_UK_006,Uttarakhand City 6,Urban,NL
CT_UTT_UK_007,Uttarakhand City 7,Urban,OR
CT_UTT_UK_008,Uttarakhand City 8,Urban,PB
CT_UTT_UK_009,Uttarakhand City 9,Urban,RJ
CT_UTT_UK_010,Uttarakhand City 10,Urban,SK
CT_UTT_UK_011,Uttarakhand City 11,Urban,TN
CT_UTT_UK_012,Uttarakhand City 12,Urban,TG
CT_LUC_UP_001,Lucknow,Urban,TR
CT_KAN_UP_002,Kanpur,Urban,UK
CT_VAR_UP_003,Varanasi,Urban,UP
CT_AGR_UP_004,Agra,Urban,WB
CT_MEE_UP_005,Meerut,Urban,AN
CT_GHA_UP_006,Ghaziabad,Urban,CH
CT_NOI_UP_007,Noida,Urban,DN
CT_ALI_UP_008,Aligarh,Urban,DL
CT_PRA_UP_009,Prayagraj,Urban,JK
CT_BAR_UP_010,Bareilly,Urban,LA
CT_MOR_UP_011,Moradabad,Urban,LD
CT_SAH_UP_012,Saharanpur,Urban,PY
CT_KOL_WB_001,Kolkata,Rural,AP
CT_HOW_WB_002,Howrah,Urban,AR
CT_ASA_WB_003,Asansol,Urban,AS
CT_DUR_WB_004,Durgapur,Urban,BR
CT_SIL_WB_005,Siliguri,Urban,CT
CT_BAR_WB_006,Bardhaman,Urban,GA
CT_KHA_WB_007,Kharagpur,Urban,GJ
CT_KAL_WB_008,Kalyani,Urban,HR
CT_BAH_WB_009,Baharampur,Urban,HP
CT_JAL_WB_010,Jalpaiguri,Urban,JH
CT_BER_WB_011,Berhampore,Urban,KA
CT_MID_WB_012,Midnapore,Urban,KL
CT_AND_AN_001,Andaman City 1,Urban,MP
CT_AND_AN_002,Andaman City 2,Urban,MH
CT_AND_AN_003,Andaman City 3,Urban,MN
CT_AND_AN_004,Andaman City 4,Urban,ML
CT_AND_AN_005,Andaman City 5,Urban,MZ
CT_AND_AN_006,Andaman City 6,Urban,NL
CT_AND_AN_007,Andaman City 7,Rural,OR
CT_AND_AN_008,Andaman City 8,Urban,PB
CT_AND_AN_009,Andaman City 9,Urban,RJ
CT_AND_AN_010,Andaman City 10,Urban,SK
CT_AND_AN_011,Andaman City 11,Urban,TN
CT_AND_AN_012,Andaman City 12,Urban,TG
CT_CHA_CH_001,Chandigarh City 1,Urban,TR
CT_CHA_CH_002,Chandigarh City 2,Urban,UK
CT_CHA_CH_003,Chandigarh City 3,Urban,UP
CT_CHA_CH_004,Chandigarh City 4,Urban,WB
CT_CHA_CH_005,Chandigarh City 5,Urban,AN
CT_CHA_CH_006,Chandigarh City 6,Urban,CH
CT_CHA_CH_007,Chandigarh City 7,Urban,DN
CT_CHA_CH_008,Chandigarh City 8,Urban,DL
CT_CHA_CH_009,Chandigarh City 9,Urban,JK
CT_CHA_CH_010,Chandigarh City 10,Urban,LA
CT_CHA_CH_011,Chandigarh City 11,Urban,LD
CT_CHA_CH_012,Chandigarh City 12,Urban,PY
CT_DAD_DN_001,Dadra City 1,Urban,AP
CT_DAD_DN_002,Dadra City 2,Urban,AR
CT_DAD_DN_003,Dadra City 3,Urban,AS
CT_DAD_DN_004,Dadra City 4,Urban,BR
CT_DAD_DN_005,Dadra City 5,Urban,CT
CT_DAD_DN_006,Dadra City 6,Urban,GA
CT_DAD_DN_007,Dadra City 7,Urban,GJ
CT_DAD_DN_008,Dadra City 8,Urban,HR
CT_DAD_DN_009,Dadra City 9,Rural,HP
CT_DAD_DN_010,Dadra City 10,Urban,JH
CT_DAD_DN_011,Dadra City 11,Urban,KA
CT_DAD_DN_012,Dadra City 12,Urban,KL
CT_NEW_DL_001,New Delhi,Urban,MP
CT_DWA_DL_002,Dwarka,Urban,MH
CT_ROH_DL_003,Rohini,Urban,MN
CT_SAK_DL_004,Saket,Urban,ML
CT_KAR_DL_005,Karol Bagh,Urban,MZ
CT_CON_DL_006,Connaught Place,Urban,NL
CT_NAR_DL_007,Narela,Urban,OR
CT_NIZ_DL_008,Nizamuddin,Urban,PB
CT_SUL_DL_009,Sultanpur,Urban,RJ
CT_LAJ_DL_010,Lajpat Nagar,Urban,SK
CT_PIT_DL_011,Pitampura,Urban,TN
CT_JAN_DL_012,Janakpuri,Urban,TG
CT_JAM_JK_001,Jammu City 1,Urban,TR
CT_JAM_JK_002,Jammu City 2,Urban,UK
CT_JAM_JK_003,Jammu City 3,Urban,UP
CT_JAM_JK_004,Jammu City 4,Urban,WB
CT_JAM_JK_005,Jammu City 5,Urban,AN
CT_JAM_JK_006,Jammu City 6,Urban,CH
CT_JAM_JK_007,Jammu City 7,Urban,DN
CT_JAM_JK_008,Jammu City 8,Urban,DL
CT_JAM_JK_009,Jammu City 9,Urban,JK
CT_JAM_JK_010,Jammu City 10,Urban,LA
CT_JAM_JK_011,Jammu City 11,Rural,LD
CT_JAM_JK_012,Jammu City 12,Urban,PY
CT_LAD_LA_001,Ladakh City 1,Urban,AP
CT_LAD_LA_002,Ladakh City 2,Urban,AR
CT_LAD_LA_003,Ladakh City 3,Urban,AS
CT_LAD_LA_004,Ladakh City 4,Urban,BR
CT_LAD_LA_005,Ladakh City 5,Urban,CT
CT_LAD_LA_006,Ladakh City 6,Urban,GA
CT_LAD_LA_007,Ladakh City 7,Urban,GJ
CT_LAD_LA_008,Ladakh City 8,Urban,HR
CT_LAD_LA_009,Ladakh City 9,Urban,HP
CT_LAD_LA_010,Ladakh City 10,Urban,JH
CT_LAD_LA_011,Ladakh City 11,Urban,KA
CT_LAD_LA_012,Ladakh City 12,Urban,KL
CT_LAK_LD_001,Lakshadweep City 1,Urban,MP
CT_LAK_LD_002,Lakshadweep City 2,Urban,MH
CT_LAK_LD_003,Lakshadweep City 3,Urban,MN
CT_LAK_LD_004,Lakshadweep City 4,Urban,ML
CT_LAK_LD_005,Lakshadweep City 5,Urban,MZ
CT_LAK_LD_006,Lakshadweep City 6,Urban,NL
CT_LAK_LD_007,Lakshadweep City 7,Urban,OR
CT_LAK_LD_008,Lakshadweep City 8,Rural,PB
CT_LAK_LD_009,Lakshadweep City 9,Urban,RJ
CT_LAK_LD_010,Lakshadweep City 10,Urban,SK
CT_LAK_LD_011,Lakshadweep City 11,Urban,TN
CT_LAK_LD_012,Lakshadweep City 12,Urban,TG
CT_PUD_PY_001,Puducherry City 1,Urban,TR
CT_PUD_PY_002,Puducherry City 2,Urban,UK
CT_PUD_PY_003,Puducherry City 3,Urban,UP
CT_PUD_PY_004,Puducherry City 4,Urban,WB
CT_PUD_PY_005,Puducherry City 5,Urban,AN
CT_PUD_PY_006,Puducherry City 6,Urban,CH
CT_PUD_PY_007,Puducherry City 7,Urban,DN
CT_PUD_PY_008,Puducherry City 8,Rural,DL
CT_PUD_PY_009,Puducherry City 9,Urban,JK
CT_PUD_PY_010,Puducherry City 10,Urban,LA
CT_PUD_PY_011,Puducherry City 11,Urban,LD
CT_PUD_PY_012,Puducherry City 12,Urban,PY
