city_id,city_name,urban_rural_flag,state_ut_code
CT_AND_AP_001,Visakhapatnam  ,Urban,AP
CT_AND_AP_002,Vijayawada  ,Rural,AP
CT_AND_AP_003,Tirupati  ,Urban,AP
CT_AND_AP_004,Guntur  ,Urban,AP
CT_AND_AP_005,Kakinada  ,Urban,AP
CT_AND_AP_006,Rajahmundry  ,Urban,AP
CT_AND_AP_007,Nellore  ,Urban,AP
CT_AND_AP_008,Anantapur  ,Urban,AP
CT_AND_AP_009,Kurnool  ,Urban,AP
CT_AND_AP_010,Kadapa  ,Rural,AP
CT_AND_AP_011,Ongole  ,Urban,AP
CT_AND_AP_012,Srikakulam,Urban,AP
CT_ARU_AR_001,Itanagar  ,Rural,AR
CT_ARU_AR_002,Naharlagun  ,Urban,AR
CT_ARU_AR_003,Tawang  ,Urban,AR
CT_ARU_AR_004,Ziro  ,Urban,AR
CT_ARU_AR_005,Bomdila  ,Urban,AR
CT_ARU_AR_006,Pasighat  ,Urban,AR
CT_ARU_AR_007,Roing  ,Urban,AR
CT_ARU_AR_008,Along  ,Rural,AR
CT_ARU_AR_009,Tezu  ,Urban,AR
CT_ARU_AR_010,Changlang  ,Urban,AR
CT_ARU_AR_011,Namsai  ,Urban,AR
CT_ARU_AR_012,Seppa,Urban,AR
CT_ASS_AS_001,Guwahati  ,Urban,AS
CT_ASS_AS_002,Silchar  ,Urban,AS
CT_ASS_AS_003,Dibrugarh  ,Urban,AS
CT_ASS_AS_004,Jorhat  ,Urban,AS
CT_ASS_AS_005,Nagaon  ,Urban,AS
CT_ASS_AS_006,Tinsukia  ,Urban,AS
CT_ASS_AS_007,Tezpur  ,Urban,AS
CT_ASS_AS_008,Bongaigaon  ,Urban,AS
CT_ASS_AS_009,Goalpara  ,Urban,AS
CT_ASS_AS_010,Karimganj  ,Urban,AS
CT_ASS_AS_011,Sivasagar  ,Urban,AS
CT_ASS_AS_012,Barpeta,Urban,AS
CT_BIH_BR_001,Patna  ,Urban,BR
CT_BIH_BR_002,Gaya  ,Urban,BR
CT_BIH_BR_003,Bhagalpur  ,Urban,BR
CT_BIH_BR_004,Muzaffarpur  ,Urban,BR
CT_BIH_BR_005,Purnia  ,Urban,BR
CT_BIH_BR_006,Darbhanga  ,Rural,BR
CT_BIH_BR_007,Begusarai  ,Urban,BR
CT_BIH_BR_008,Katihar  ,Urban,BR
CT_BIH_BR_009,Arrah  ,Urban,BR
CT_BIH_BR_010,Bihar Sharif  ,Urban,BR
CT_BIH_BR_011,Sasaram  ,Urban,BR
CT_BIH_BR_012,Hajipur,Urban,BR
CT_CHH_CT_001,Raipur  ,Urban,CT
CT_CHH_CT_002,Bilaspur  ,Urban,CT
CT_CHH_CT_003,Durg  ,Urban,CT
CT_CHH_CT_004,Korba  ,Urban,CT
CT_CHH_CT_005,Rajnandgaon  ,Urban,CT
CT_CHH_CT_006,Raigarh  ,Urban,CT
CT_CHH_CT_007,Jagdalpur  ,Urban,CT
CT_CHH_CT_008,Ambikapur  ,Urban,CT
CT_CHH_CT_009,Dhamtari  ,Urban,CT
CT_CHH_CT_010,Kawardha  ,Urban,CT
CT_CHH_CT_011,Mahasamund  ,Urban,CT
CT_CHH_CT_012,Bhatapara,Urban,CT
CT_GOA_GA_001,Panaji  ,Urban,GA
CT_GOA_GA_002,Margao  ,Urban,GA
CT_GOA_GA_003,Vasco Da Gama  ,Urban,GA
CT_GOA_GA_004,Mapusa  ,Urban,GA
CT_GOA_GA_005,Ponda  ,Urban,GA
CT_GOA_GA_006,Bicholim  ,Urban,GA
CT_GOA_GA_007,Canacona  ,Urban,GA
CT_GOA_GA_008,Curchorem  ,Rural,GA
CT_GOA_GA_009,Quepem  ,Urban,GA
CT_GOA_GA_010,Valpoi  ,Urban,GA
CT_GOA_GA_011,Sankhali  ,Urban,GA
CT_GOA_GA_012,Pernem,Urban,GA
CT_AHM_GJ_001,Ahmedabad,Urban,GJ
CT_SUR_GJ_002,Surat,Urban,GJ
CT_VAD_GJ_003,Vadodara,Urban,GJ
CT_RAJ_GJ_004,Rajkot,Urban,GJ
CT_BHA_GJ_005,Bhavnagar,Urban,GJ
CT_JAM_GJ_006,Jamnagar,Urban,GJ
CT_GAN_GJ_007,Gandhinagar,Urban,GJ
CT_MOR_GJ_008,Morbi,Urban,GJ
CT_JUN_GJ_009,Junagadh,Urban,GJ
CT_ANA_GJ_010,Anand,Urban,GJ
CT_BHU_GJ_011,Bhuj,Urban,GJ
CT_POR_GJ_012,Porbandar,Urban,GJ
CT_HAR_HR_001,Gurgaon  ,Urban,HR
CT_HAR_HR_002,Faridabad  ,Urban,HR
CT_HAR_HR_003,Panipat  ,Urban,HR
CT_HAR_HR_004,Ambala  ,Urban,HR
CT_HAR_HR_005,Hisar  ,Urban,HR
CT_HAR_HR_006,Rohtak  ,Rural,HR
CT_HAR_HR_007,Karnal  ,Urban,HR
CT_HAR_HR_008,Yamunanagar  ,Urban,HR
CT_HAR_HR_009,Panchkula  ,Urban,HR
CT_HAR_HR_010,Sirsa  ,Urban,HR
CT_HAR_HR_011,Rewari  ,Urban,HR
CT_HAR_HR_012,Bahadurgarh,Urban,HR
CT_HIM_HP_001,Shimla  ,Urban,HP
CT_HIM_HP_002,Dharamshala  ,Urban,HP
CT_HIM_HP_003,Mandi  ,Urban,HP
CT_HIM_HP_004,Solan  ,Urban,HP
CT_HIM_HP_005,Kullu  ,Rural,HP
CT_HIM_HP_006,Hamirpur  ,Urban,HP
CT_HIM_HP_007,Bilaspur  ,Urban,HP
CT_HIM_HP_008,Una  ,Urban,HP
CT_HIM_HP_009,Chamba  ,Urban,HP
CT_HIM_HP_010,Kangra  ,Urban,HP
CT_HIM_HP_011,Palampur  ,Urban,HP
CT_HIM_HP_012,Nahan,Urban,HP
CT_JHA_JH_001,Ranchi  ,Urban,JH
CT_JHA_JH_002,Jamshedpur  ,Urban,JH
CT_JHA_JH_003,Dhanbad  ,Urban,JH
CT_JHA_JH_004,Bokaro  ,Urban,JH
CT_JHA_JH_005,Hazaribagh  ,Urban,JH
CT_JHA_JH_006,Deoghar  ,Urban,JH
CT_JHA_JH_007,Giridih  ,Urban,JH
CT_JHA_JH_008,Ramgarh  ,Urban,JH
CT_JHA_JH_009,Phusro  ,Urban,JH
CT_JHA_JH_010,Chatra  ,Urban,JH
CT_JHA_JH_011,Dumka  ,Urban,JH
CT_JHA_JH_012,Medininagar,Urban,JH
CT_BEN_KA_001,Bengaluru,Urban,MP
CT_MYS_KA_002,Mysuru,Urban,KA
CT_MAN_KA_003,Mangalore,Urban,KA
CT_HUB_KA_004,Hubli,Urban,KA
CT_BEL_KA_005,Belgaum,Rural,KA
CT_DAV_KA_006,Davangere,Urban,KA
CT_SHI_KA_007,Shimoga,Rural,KA
CT_BEL_KA_008,Bellary,Urban,KA
CT_BIJ_KA_009,Bijapur,Urban,KA
CT_TUM_KA_010,Tumakuru,Urban,KA
CT_UDU_KA_011,Udupi,Urban,KA
CT_HAS_KA_012,Hassan,Urban,KA
CT_KER_KL_001,Thiruvananthapuram  ,Urban,KL
CT_KER_KL_002,Kochi  ,Urban,KL
CT_KER_KL_003,Kozhikode  ,Urban,KL
CT_KER_KL_004,Thrissur  ,Urban,KL
CT_KER_KL_005,Alappuzha  ,Urban,KL
CT_KER_KL_006,Palakkad  ,Urban,KL
CT_KER_KL_007,Kottayam  ,Urban,KL
CT_KER_KL_008,Kannur  ,Urban,KL
CT_KER_KL_009,Malappuram  ,Urban,KL
CT_KER_KL_010,Kollam  ,Urban,KL
CT_KER_KL_011,Pathanamthitta  ,Urban,KL
CT_KER_KL_012,Ponnani,Urban,KL
CT_MAD_MP_001,Bhopal  ,Urban,MP
CT_MAD_MP_002,Indore  ,Urban,MP
CT_MAD_MP_003,Gwalior  ,Urban,MP
CT_MAD_MP_004,Jabalpur  ,Urban,MP
CT_MAD_MP_005,Ujjain  ,Urban,MP
CT_MAD_MP_006,Sagar  ,Urban,MP
CT_MAD_MP_007,Ratlam  ,Urban,MP
CT_MAD_MP_008,Rewa  ,Urban,MP
CT_MAD_MP_009,Satna  ,Urban,MP
CT_MAD_MP_010,Dewas  ,Urban,MP
CT_MAD_MP_011,Chhindwara  ,Urban,MP
CT_MAD_MP_012,Morena,Urban,MP
CT_MUM_MH_001,Mumbai,Urban,MH
CT_PUN_MH_002,Pune,Urban,MH
CT_NAG_MH_003,Nagpur,Urban,MH
CT_NAS_MH_004,Nashik,Urban,MH
CT_THA_MH_005,Thane,Urban,MH
CT_AUR_MH_006,Aurangabad,Urban,MH
CT_KOL_MH_007,Kolhapur,Urban,MH
CT_SOL_MH_008,Solapur,Urban,MH
CT_AMR_MH_009,Amravati,Urban,MH
CT_AKO_MH_010,Akola,Urban,MH
CT_JAL_MH_011,Jalgaon,Urban,MH
CT_LAT_MH_012,Latur,Urban,MH
CT_MAN_MN_001,Imphal  ,Urban,MN
CT_MAN_MN_002,Thoubal  ,Urban,MN
CT_MAN_MN_003,Kakching  ,Urban,MN
CT_MAN_MN_004,Churachandpur  ,Urban,MN
CT_MAN_MN_005,Ukhrul  ,Urban,MN
CT_MAN_MN_006,Senapati  ,Urban,MN
CT_MAN_MN_007,Tamenglong  ,Urban,MN
CT_MAN_MN_008,Jiribam  ,Urban,MN
CT_MAN_MN_009,Bishnupur  ,Urban,MN
CT_MAN_MN_010,Noney  ,Urban,MN
CT_MAN_MN_011,Kangpokpi  ,Urban,MN
CT_MAN_MN_012,Moreh,Urban,MN
CT_MEG_ML_001,Shillong  ,Urban,ML
CT_MEG_ML_002,Tura  ,Urban,ML
CT_MEG_ML_003,Nongstoin  ,Urban,ML
CT_MEG_ML_004,Jowai  ,Urban,ML
CT_MEG_ML_005,Baghmara  ,Urban,ML
CT_MEG_ML_006,Williamnagar  ,Urban,ML
CT_MEG_ML_007,Resubelpara  ,Urban,ML
CT_MEG_ML_008,Mawkyrwat  ,Urban,ML
CT_MEG_ML_009,Mendipathar  ,Urban,ML
CT_MEG_ML_010,Khliehriat  ,Urban,ML
CT_MEG_ML_011,Ampati  ,Urban,ML
CT_MEG_ML_012,Sohra,Urban,ML
CT_MIZ_MZ_001,Aizawl  ,Urban,MZ
CT_MIZ_MZ_002,Lunglei  ,Urban,MZ
CT_MIZ_MZ_003,Champhai  ,Urban,MZ
CT_MIZ_MZ_004,Serchhip  ,Urban,MZ
CT_MIZ_MZ_005,Kolasib  ,Urban,MZ
CT_MIZ_MZ_006,Mamit  ,Urban,MZ
CT_MIZ_MZ_007,Saiha  ,Urban,MZ
CT_MIZ_MZ_008,Lawngtlai  ,Urban,MZ
CT_MIZ_MZ_009,Hnahthial  ,Urban,MZ
CT_MIZ_MZ_010,Saitual  ,Urban,MZ
CT_MIZ_MZ_011,Khawzawl  ,Urban,MZ
CT_MIZ_MZ_012,North Vanlaiphai,Urban,MZ
CT_NAG_NL_001,Kohima  ,Urban,NL
CT_NAG_NL_002,Dimapur  ,Urban,NL
CT_NAG_NL_003,Mokokchung  ,Urban,NL
CT_NAG_NL_004,Tuensang  ,Urban,NL
CT_NAG_NL_005,Wokha  ,Urban,NL
CT_NAG_NL_006,Zunheboto  ,Urban,NL
CT_NAG_NL_007,Phek  ,Urban,NL
CT_NAG_NL_008,Mon  ,Urban,NL
CT_NAG_NL_009,Longleng  ,Urban,NL
CT_NAG_NL_010,Kiphire  ,Urban,NL
CT_NAG_NL_011,Tseminyu  ,Urban,NL
CT_NAG_NL_012,Peren,Urban,NL
CT_ODI_OR_001,Bhubaneswar  ,Urban,OR
CT_ODI_OR_002,Cuttack  ,Urban,OR
CT_ODI_OR_003,Rourkela  ,Urban,OR
CT_ODI_OR_004,Berhampur  ,Urban,OR
CT_ODI_OR_005,Sambalpur  ,Urban,OR
CT_ODI_OR_006,Balasore  ,Urban,OR
CT_ODI_OR_007,Baripada  ,Urban,OR
CT_ODI_OR_008,Jharsuguda  ,Urban,OR
CT_ODI_OR_009,Puri  ,Urban,OR
CT_ODI_OR_010,Angul  ,Urban,OR
CT_ODI_OR_011,Bhadrak  ,Urban,OR
CT_ODI_OR_012,Kendrapara,Urban,OR
CT_PUN_PB_001,Ludhiana  ,Urban,PB
CT_PUN_PB_002,Amritsar  ,Urban,PB
CT_PUN_PB_003,Jalandhar  ,Urban,PB
CT_PUN_PB_004,Patiala  ,Urban,PB
CT_PUN_PB_005,Bathinda  ,Urban,PB
CT_PUN_PB_006,Mohali  ,Urban,PB
CT_PUN_PB_007,Hoshiarpur  ,Urban,PB
CT_PUN_PB_008,Moga  ,Urban,PB
CT_PUN_PB_009,Firozpur  ,Urban,PB
CT_PUN_PB_010,Pathankot  ,Urban,PB
CT_PUN_PB_011,Sangrur  ,Urban,PB
CT_PUN_PB_012,Barnala,Urban,PB
CT_RAJ_RJ_001,Jaipur  ,Urban,RJ
CT_RAJ_RJ_002,Jodhpur  ,Urban,RJ
CT_RAJ_RJ_003,Udaipur  ,Urban,RJ
CT_RAJ_RJ_004,Kota  ,Urban,RJ
CT_RAJ_RJ_005,Ajmer  ,Urban,RJ
CT_RAJ_RJ_006,Bikaner  ,Urban,RJ
CT_RAJ_RJ_007,Alwar  ,Urban,RJ
CT_RAJ_RJ_008,Bharatpur  ,Urban,RJ
CT_RAJ_RJ_009,Sikar  ,Urban,RJ
CT_RAJ_RJ_010,Pali  ,Urban,RJ
CT_RAJ_RJ_011,Nagaur  ,Urban,RJ
CT_RAJ_RJ_012,Chittorgarh,Urban,RJ
CT_SIK_SK_001,Gangtok  ,Urban,SK
CT_SIK_SK_002,Namchi  ,Urban,SK
CT_SIK_SK_003,Gyalshing  ,Urban,SK
CT_SIK_SK_004,Mangan  ,Urban,SK
CT_SIK_SK_005,Ravangla  ,Urban,SK
CT_SIK_SK_006,Jorethang  ,Urban,SK
CT_SIK_SK_007,Singtam  ,Urban,SK
CT_SIK_SK_008,Soreng  ,Urban,SK
CT_SIK_SK_009,Rangpo  ,Urban,SK
CT_SIK_SK_010,Dentam  ,Urban,SK
CT_SIK_SK_011,Chungthang  ,Urban,SK
CT_SIK_SK_012,Yuksom,Urban,SK
CT_CHE_TN_001,Chennai,Urban,TN
CT_COI_TN_002,Coimbatore,Urban,TN
CT_MAD_TN_003,Madurai,Urban,TN
CT_TIR_TN_004,Tiruchirappalli,Urban,TN
CT_SAL_TN_005,Salem,Urban,TN
CT_TIR_TN_006,Tirunelveli,Rural,TN
CT_VEL_TN_007,Vellore,Urban,TN
CT_ERO_TN_008,Erode,Urban,TN
CT_THO_TN_009,Thoothukudi,Urban,TN
CT_NAG_TN_010,Nagercoil,Urban,TN
CT_KAN_TN_011,Kanchipuram,Urban,TN
CT_TIR_TN_012,Tiruppur,Urban,TN
CT_HYD_TG_001,Hyderabad,Urban,TG
CT_WAR_TG_002,Warangal,Urban,TG
CT_NIZ_TG_003,Nizamabad,Urban,TG
CT_KAR_TG_004,Karimnagar,Urban,TG
CT_KHA_TG_005,Khammam,Urban,TG
CT_MAH_TG_006,Mahbubnagar,Urban,TG
CT_NAL_TG_007,Nalgonda,Urban,TG
CT_ADI_TG_008,Adilabad,Urban,TG
CT_SUR_TG_009,Suryapet,Urban,TG
CT_RAM_TG_010,Ramagundam,Urban,TG
CT_KOT_TG_011,Kothagudem,Urban,TG
CT_MIR_TG_012,Miryalaguda,Urban,TG
CT_TRI_TR_001,Agartala  ,Urban,TR
CT_TRI_TR_002,Udaipur  ,Urban,TR
CT_TRI_TR_003,Dharmanagar  ,Rural,TR
CT_TRI_TR_004,Kailashahar  ,Urban,TR
CT_TRI_TR_005,Ambassa  ,Urban,TR
CT_TRI_TR_006,Belonia  ,Urban,TR
CT_TRI_TR_007,Khowai  ,Urban,TR
CT_TRI_TR_008,Teliamura  ,Urban,TR
CT_TRI_TR_009,Sonamura  ,Urban,TR
CT_TRI_TR_010,Bishalgarh  ,Rural,TR
CT_TRI_TR_011,Sabroom  ,Urban,TR
CT_TRI_TR_012,Santirbazar,Urban,TR
CT_UTT_UK_001,Dehradun  ,Urban,UK
CT_UTT_UK_002,Haridwar  ,Urban,UK
CT_UTT_UK_003,Rishikesh  ,Urban,UK
CT_UTT_UK_004,Nainital  ,Urban,UK
CT_UTT_UK_005,Haldwani  ,Urban,UK
CT_UTT_UK_006,Roorkee  ,Urban,UK
CT_UTT_UK_007,Kashipur  ,Urban,UK
CT_UTT_UK_008,Rudrapur  ,Urban,UK
CT_UTT_UK_009,Pauri  ,Urban,UK
CT_UTT_UK_010,Tehri  ,Urban,UK
CT_UTT_UK_011,Almora  ,Urban,UK
CT_UTT_UK_012,Bageshwar,Urban,UK
CT_LUC_UP_001,Lucknow,Urban,UP
CT_KAN_UP_002,Kanpur,Urban,UP
CT_VAR_UP_003,Varanasi,Urban,UP
CT_AGR_UP_004,Agra,Urban,UP
CT_MEE_UP_005,Meerut,Urban,UP
CT_GHA_UP_006,Ghaziabad,Urban,UP
CT_NOI_UP_007,Noida,Urban,UP
CT_ALI_UP_008,Aligarh,Urban,UP
CT_PRA_UP_009,Prayagraj,Urban,UP
CT_BAR_UP_010,Bareilly,Urban,UP
CT_MOR_UP_011,Moradabad,Urban,UP
CT_SAH_UP_012,Saharanpur,Urban,UP
CT_KOL_WB_001,Kolkata,Rural,WB
CT_HOW_WB_002,Howrah,Urban,WB
CT_ASA_WB_003,Asansol,Urban,WB
CT_DUR_WB_004,Durgapur,Urban,WB
CT_SIL_WB_005,Siliguri,Urban,WB
CT_BAR_WB_006,Bardhaman,Urban,WB
CT_KHA_WB_007,Kharagpur,Urban,WB
CT_KAL_WB_008,Kalyani,Urban,WB
CT_BAH_WB_009,Baharampur,Urban,WB
CT_JAL_WB_010,Jalpaiguri,Urban,WB
CT_BER_WB_011,Berhampore,Urban,WB
CT_MID_WB_012,Midnapore,Urban,WB
CT_AND_AN_001,Port Blair  ,Urban,AN
CT_AND_AN_002,Car Nicobar  ,Urban,AN
CT_AND_AN_003,Diglipur  ,Urban,AN
CT_AND_AN_004,Mayabunder  ,Urban,AN
CT_AND_AN_005,Rangat  ,Urban,AN
CT_AND_AN_006,Little Andaman  ,Urban,AN
CT_AND_AN_007,Hut Bay  ,Rural,AN
CT_AND_AN_008,Campbell Bay  ,Urban,AN
CT_AND_AN_009,Nancowry  ,Urban,AN
CT_AND_AN_010,Katchal  ,Urban,AN
CT_AND_AN_011,Neil Island  ,Urban,AN
CT_AND_AN_012,Havelock Island,Urban,AN
CT_CHA_CH_001,Chandigarh  ,Urban,CH
CT_CHA_CH_002,Mohali  ,Urban,CH
CT_CHA_CH_003,Panchkula  ,Urban,CH
CT_CHA_CH_004,Zirakpur  ,Urban,CH
CT_CHA_CH_005,Kharar  ,Urban,CH
CT_CHA_CH_006,Derabassi  ,Urban,CH
CT_CHA_CH_007,Rajpura  ,Urban,CH
CT_CHA_CH_008,Pinjore  ,Urban,CH
CT_CHA_CH_009,Baddi  ,Urban,CH
CT_CHA_CH_010,Nalagarh  ,Urban,CH
CT_CHA_CH_011,Morinda  ,Urban,CH
CT_CHA_CH_012,Kurali,Urban,CH
CT_DAD_DN_001,Daman  ,Urban,DN
CT_DAD_DN_002,Diu  ,Urban,DN
CT_DAD_DN_003,Dadra  ,Urban,DN
CT_DAD_DN_004,Silvassa  ,Urban,DN
CT_DAD_DN_005,Naroli  ,Urban,DN
CT_DAD_DN_006,Samarvarni  ,Urban,DN
CT_DAD_DN_007,Kachigam  ,Urban,DN
CT_DAD_DN_008,Khanvel  ,Urban,DN
CT_DAD_DN_009,Randha  ,Rural,DN
CT_DAD_DN_010,Rakholi  ,Urban,DN
CT_DAD_DN_011,Vapi  ,Urban,DN
CT_DAD_DN_012,Masat,Urban,DN
CT_NEW_DL_001,New Delhi,Urban,DL
CT_DWA_DL_002,Dwarka,Urban,DL
CT_ROH_DL_003,Rohini,Urban,DL
CT_SAK_DL_004,Saket,Urban,DL
CT_KAR_DL_005,Karol Bagh,Urban,DL
CT_CON_DL_006,Connaught Place,Urban,DL
CT_NAR_DL_007,Narela,Urban,DL
CT_NIZ_DL_008,Nizamuddin,Urban,DL
CT_SUL_DL_009,Sultanpur,Urban,DL
CT_LAJ_DL_010,Lajpat Nagar,Urban,DL
CT_PIT_DL_011,Pitampura,Urban,DL
CT_JAN_DL_012,Janakpuri,Urban,DL
CT_JAM_JK_001,Jammu  ,Urban,JK
CT_JAM_JK_002,Udhampur  ,Urban,JK
CT_JAM_JK_003,Kathua  ,Urban,JK
CT_JAM_JK_004,Samba  ,Urban,JK
CT_JAM_JK_005,Rajouri  ,Urban,JK
CT_JAM_JK_006,Poonch  ,Urban,JK
CT_JAM_JK_007,Reasi  ,Urban,JK
CT_JAM_JK_008,Doda  ,Urban,JK
CT_JAM_JK_009,Kishtwar  ,Urban,JK
CT_JAM_JK_010,Ramban  ,Urban,JK
CT_JAM_JK_011,Akhnoor  ,Rural,JK
CT_JAM_JK_012,Batote,Urban,JK
CT_LAD_LA_001,Leh  ,Urban,LA
CT_LAD_LA_002,Kargil  ,Urban,LA
CT_LAD_LA_003,Diskit  ,Urban,LA
CT_LAD_LA_004,Nubra  ,Urban,LA
CT_LAD_LA_005,Padum  ,Urban,LA
CT_LAD_LA_006,Tangtse  ,Urban,LA
CT_LAD_LA_007,Nyoma  ,Urban,LA
CT_LAD_LA_008,Turtuk  ,Urban,LA
CT_LAD_LA_009,Drass  ,Urban,LA
CT_LAD_LA_010,Chuchot  ,Urban,LA
CT_LAD_LA_011,Khaltsi  ,Urban,LA
CT_LAD_LA_012,Saspul,Urban,LA
CT_LAK_LD_001,Kavaratti  ,Urban,LD
CT_LAK_LD_002,Agatti  ,Urban,LD
CT_LAK_LD_003,Amini  ,Urban,LD
CT_LAK_LD_004,Andrott  ,Urban,LD
CT_LAK_LD_005,Kalpeni  ,Urban,LD
CT_LAK_LD_006,Kadmat  ,Urban,LD
CT_LAK_LD_007,Minicoy  ,Urban,LD
CT_LAK_LD_008,Bitra  ,Rural,LD
CT_LAK_LD_009,Chetlat  ,Urban,LD
CT_LAK_LD_010,Kiltan  ,Urban,LD
CT_LAK_LD_011,Bangaram  ,Urban,LD
CT_LAK_LD_012,Suheli,Urban,LD
CT_PUD_PY_001,Puducherry  ,Urban,PY
CT_PUD_PY_002,Karaikal  ,Urban,PY
CT_PUD_PY_003,Mahe  ,Urban,PY
CT_PUD_PY_004,Yanam  ,Urban,PY
CT_PUD_PY_005,Ozhukarai  ,Urban,PY
CT_PUD_PY_006,Bahour  ,Urban,PY
CT_PUD_PY_007,Ariyankuppam  ,Urban,PY
CT_PUD_PY_008,Villiyanur  ,Rural,PY
CT_PUD_PY_009,Nettapakkam  ,Urban,PY
CT_PUD_PY_010,Manavely  ,Urban,PY
CT_PUD_PY_011,Thirubuvanai  ,Urban,PY
CT_PUD_PY_012,Kirumampakkam,Urban,PY
