agency_id,investigating_agency,city_id
AG_DAD_001,"Cyber Crime Cell, Samarvarni  ",CT_DAD_DN_006
AG_MOR_002,"Cyber Crime Cell, Morbi",CT_MOR_GJ_008
AG_SIK_003,"Cyber Crime Cell, Namchi  ",CT_SIK_SK_002
AG_TIR_004,"Cyber Crime Cell, Tirunelveli",CT_TIR_TN_006
AG_MOR_005,"Cyber Crime Cell, Moradabad",CT_MOR_UP_011
AG_KAL_006,"Cyber Crime Cell, Kalyani",CT_KAL_WB_008
AG_SAL_007,"Cyber Crime Cell, Salem",CT_SAL_TN_005
AG_BIH_008,"Cyber Crime Cell, Begusarai  ",CT_BIH_BR_007
AG_MAD_009,"Cyber Crime Cell, Ujjain",CT_MAD_MP_005
AG_PUN_010,"Cyber Crime Cell, Barnala",CT_PUN_PB_012
AG_ODI_011,"Cyber Crime Cell, Jharsuguda",CT_ODI_OR_008
AG_BIH_012,"Cyber Crime Cell, Purnia",CT_BIH_BR_005
AG_LAK_013,"Cyber Crime Cell, Amini ",CT_LAK_LD_003
AG_RAJ_014,"Cyber Crime Cell, Ajmer",CT_RAJ_RJ_005
AG_MAD_015,"Cyber Crime Cell, Dewas",CT_MAD_MP_010
AG_BHA_016,"Cyber Crime Cell, Bhavnagar",CT_BHA_GJ_005
AG_GOA_017,"Cyber Crime Cell, Bicholim",CT_GOA_GA_006
AG_CHA_018,"Cyber Crime Cell, Panchkula",CT_CHA_CH_003
AG_PUD_019,"Cyber Crime Cell, Thirubuvanai ",CT_PUD_PY_011
AG_BEL_020,"Cyber Crime Cell, Bellary",CT_BEL_KA_008
AG_TIR_021,"Cyber Crime Cell, Tiruchirappalli",CT_TIR_TN_004
AG_ODI_022,"Cyber Crime Cell, Rourkela",CT_ODI_OR_003
AG_MAD_023,"Cyber Crime Cell, Rewa",CT_MAD_MP_008
AG_TRI_024,"Cyber Crime Cell, Kailashahar",CT_TRI_TR_004
AG_ASS_025,"Cyber Crime Cell, Guwahati  ",CT_ASS_AS_001
AG_NAL_026,"Cyber Crime Cell, Nalgonda",CT_NAL_TG_007
AG_BIH_027,"Cyber Crime Cell, Muzaffarpur ",CT_BIH_BR_004
AG_ARU_028,"Cyber Crime Cell, Seppa",CT_ARU_AR_012
AG_SIK_029,"Cyber Crime Cell, Chungthang",CT_SIK_SK_011
AG_CHH_030,"Cyber Crime Cell, Ambikapur",CT_CHH_CT_008
AG_SIK_031,"Cyber Crime Cell, Dentam  ",CT_SIK_SK_010
AG_ODI_032,"Cyber Crime Cell, Cuttack",CT_ODI_OR_002
AG_NAG_033,"Cyber Crime Cell, Mon  ",CT_NAG_NL_008
AG_CHH_034,"Cyber Crime Cell, Raipur",CT_CHH_CT_001
AG_PUN_035,"Cyber Crime Cell, Pathankot",CT_PUN_PB_010
AG_AND_036,"Cyber Crime Cell, Diglipur",CT_AND_AN_003
AG_DAD_037,"Cyber Crime Cell, Randha",CT_DAD_DN_009
AG_LAK_038,"Cyber Crime Cell, Chetlat",CT_LAK_LD_009
AG_TUM_039,"Cyber Crime Cell, Tumakuru",CT_TUM_KA_010
AG_MEG_040,"Cyber Crime Cell, Tura",CT_MEG_ML_002
AG_UDU_041,"Cyber Crime Cell, Udupi",CT_UDU_KA_011
AG_TRI_042,"Cyber Crime Cell, Santirbazar",CT_TRI_TR_012
AG_BIH_043,"Cyber Crime Cell, Darbhanga",CT_BIH_BR_006
AG_JAM_044,"Cyber Crime Cell, Ramban",CT_JAM_JK_010
AG_SIK_045,"Cyber Crime Cell, Jorethang",CT_SIK_SK_006
AG_AND_046,"Cyber Crime Cell, Kurnool",CT_AND_AP_009
AG_CHH_047,"Cyber Crime Cell, Mahasamund",CT_CHH_CT_011
AG_NIZ_048,"Cyber Crime Cell, Nizamuddin",CT_NIZ_DL_008
AG_PUN_049,"Cyber Crime Cell, Firozpur",CT_PUN_PB_009
AG_HAR_050,"Cyber Crime Cell, Yamunanagar",CT_HAR_HR_008
