victim_id,age,gender,occupation,income_group,education_level
VC_O_34_0001,34,Other,Unemployed,Upper-Middle,Undergraduate
VC_F_28_0002,28,Female,Unemployed,High,Undergraduate
VC_F_36_0003,36,Female,Private Sector,Upper-Middle,No Formal
VC_O_45_0004,45,Other,Private Sector,Upper-Middle,High School
VC_O_27_0005,27,Other,Private Sector,Upper-Middle,Postgraduate
VC_F_27_0006,27,Female,Business Owner,Low,High School
VC_M_45_0007,45,Male,Self-Employed,Middle,Graduate
VC_O_37_0008,37,Other,Freelancer,Lower-Middle,Undergraduate
VC_O_25_0009,25,Other,Government,Low,Graduate
VC_F_35_0010,35,Female,Government,Middle,No Formal
VC_M_25_0011,25,Male,Freelancer,Middle,High School
VC_M_25_0012,25,Male,Government,Upper-Middle,No Formal
VC_M_32_0013,32,Male,Business Owner,Upper-Middle,Graduate
VC_F_15_0014,15,Female,Freelancer,Upper-Middle,No Formal
VC_M_15_0015,15,Male,Self-Employed,Middle,No Formal
VC_F_24_0016,24,Female,Self-Employed,Low,No Formal
VC_O_19_0017,19,Other,Self-Employed,Lower-Middle,Undergraduate
VC_F_33_0018,33,Female,Government,Low,Graduate
VC_O_20_0019,20,Other,Unemployed,Lower-Middle,No Formal
VC_M_15_0020,15,Male,Unemployed,Middle,Graduate
VC_O_44_0021,44,Other,Retired,Upper-Middle,High School
VC_F_27_0022,27,Female,Freelancer,Middle,High School
VC_M_30_0023,30,Male,Business Owner,Low,High School
VC_M_15_0024,15,Male,Government,Lower-Middle,No Formal
VC_O_24_0025,24,Other,Government,Low,Undergraduate
VC_O_31_0026,31,Other,Student,Upper-Middle,Undergraduate
VC_O_18_0027,18,Other,Student,High,No Formal
VC_O_33_0028,33,Other,Private Sector,Low,No Formal
VC_O_23_0029,23,Other,Private Sector,Upper-Middle,Graduate
VC_F_27_0030,27,Female,Private Sector,High,Undergraduate
VC_F_23_0031,23,Female,Government,Lower-Middle,No Formal
VC_F_48_0032,48,Female,Business Owner,Low,Postgraduate
VC_F_29_0033,29,Female,Government,Upper-Middle,No Formal
VC_O_19_0034,19,Other,Private Sector,Middle,No Formal
VC_M_38_0035,38,Male,Freelancer,Lower-Middle,Postgraduate
VC_M_17_0036,17,Male,Unemployed,High,High School
VC_F_32_0037,32,Female,Business Owner,Middle,High School
VC_M_15_0038,15,Male,Freelancer,Lower-Middle,Graduate
VC_F_16_0039,16,Female,Self-Employed,Low,No Formal
VC_O_31_0040,31,Other,Private Sector,Low,Postgraduate
VC_O_37_0041,37,Other,Freelancer,Lower-Middle,No Formal
VC_O_31_0042,31,Other,Private Sector,Low,Undergraduate
VC_O_28_0043,28,Other,Self-Employed,Upper-Middle,Undergraduate
VC_F_26_0044,26,Female,Freelancer,Low,No Formal
VC_M_15_0045,15,Male,Student,Middle,Undergraduate
VC_O_22_0046,22,Other,Retired,Upper-Middle,No Formal
VC_M_25_0047,25,Male,Student,Low,High School
VC_O_40_0048,40,Other,Government,Middle,Undergraduate
VC_F_33_0049,33,Female,Unemployed,Low,Undergraduate
VC_F_15_0050,15,Female,Government,Low,Graduate
VC_F_33_0051,33,Female,Freelancer,Middle,Graduate
VC_O_26_0052,26,Other,Freelancer,Upper-Middle,High School
VC_M_23_0053,23,Male,Government,Low,High School
VC_M_36_0054,36,Male,Business Owner,High,Graduate
VC_O_40_0055,40,Other,Freelancer,Lower-Middle,Postgraduate
VC_F_39_0056,39,Female,Retired,High,No Formal
VC_O_21_0057,21,Other,Government,Upper-Middle,Graduate
VC_M_26_0058,26,Male,Business Owner,Upper-Middle,No Formal
VC_M_33_0059,33,Male,Unemployed,Middle,No Formal
VC_O_39_0060,39,Other,Self-Employed,Middle,Postgraduate
VC_O_25_0061,25,Other,Private Sector,Upper-Middle,High School
VC_F_28_0062,28,Female,Retired,Upper-Middle,High School
VC_O_18_0063,18,Other,Student,Low,High School
VC_O_18_0064,18,Other,Freelancer,Upper-Middle,High School
VC_M_38_0065,38,Male,Freelancer,Middle,High School
VC_F_43_0066,43,Female,Unemployed,Low,Postgraduate
VC_M_29_0067,29,Male,Business Owner,Upper-Middle,High School
VC_M_40_0068,40,Male,Freelancer,Upper-Middle,Postgraduate
VC_F_33_0069,33,Female,Private Sector,Upper-Middle,Graduate
VC_F_23_0070,23,Female,Private Sector,Upper-Middle,No Formal
VC_M_33_0071,33,Male,Business Owner,Upper-Middle,No Formal
VC_O_45_0072,45,Other,Student,Low,Postgraduate
VC_O_29_0073,29,Other,Unemployed,High,Postgraduate
VC_M_45_0074,45,Male,Freelancer,Middle,Undergraduate
VC_M_15_0075,15,Male,Self-Employed,Upper-Middle,Undergraduate
VC_O_38_0076,38,Other,Freelancer,Middle,Graduate
VC_M_30_0077,30,Male,Private Sector,Lower-Middle,No Formal
VC_F_27_0078,27,Female,Retired,Middle,Postgraduate
VC_O_30_0079,30,Other,Retired,Low,No Formal
VC_M_15_0080,15,Male,Freelancer,Lower-Middle,Graduate
VC_M_27_0081,27,Male,Unemployed,High,High School
VC_M_33_0082,33,Male,Private Sector,Upper-Middle,High School
VC_F_44_0083,44,Female,Self-Employed,Middle,No Formal
VC_F_24_0084,24,Female,Student,High,No Formal
VC_F_21_0085,21,Female,Freelancer,High,Postgraduate
VC_M_24_0086,24,Male,Freelancer,Low,Postgraduate
VC_O_39_0087,39,Other,Student,High,Graduate
VC_O_33_0088,33,Other,Freelancer,High,High School
VC_O_24_0089,24,Other,Government,Lower-Middle,No Formal
VC_F_35_0090,35,Female,Retired,High,Graduate
VC_F_30_0091,30,Female,Self-Employed,Middle,Graduate
VC_F_39_0092,39,Female,Unemployed,Upper-Middle,High School
VC_M_22_0093,22,Male,Business Owner,High,Postgraduate
VC_F_26_0094,26,Female,Retired,High,High School
VC_M_26_0095,26,Male,Self-Employed,High,Undergraduate
VC_O_15_0096,15,Other,Retired,Lower-Middle,High School
VC_O_32_0097,32,Other,Retired,Low,Undergraduate
VC_O_32_0098,32,Other,Freelancer,High,Postgraduate
VC_O_30_0099,30,Other,Business Owner,High,Undergraduate
VC_F_27_0100,27,Female,Student,High,No Formal
VC_M_15_0101,15,Male,Business Owner,Lower-Middle,No Formal
VC_O_25_0102,25,Other,Student,Lower-Middle,Undergraduate
VC_M_26_0103,26,Male,Unemployed,Middle,High School
VC_M_21_0104,21,Male,Unemployed,Lower-Middle,Postgraduate
VC_M_28_0105,28,Male,Retired,Upper-Middle,No Formal
VC_O_34_0106,34,Other,Self-Employed,High,Graduate
VC_M_48_0107,48,Male,Unemployed,Low,Graduate
VC_F_31_0108,31,Female,Business Owner,Middle,Postgraduate
VC_M_32_0109,32,Male,Student,Middle,High School
VC_O_29_0110,29,Other,Freelancer,Lower-Middle,Undergraduate
VC_O_15_0111,15,Other,Self-Employed,Lower-Middle,Undergraduate
VC_F_29_0112,29,Female,Government,Low,High School
VC_M_30_0113,30,Male,Private Sector,Upper-Middle,No Formal
VC_F_54_0114,54,Female,Unemployed,High,Undergraduate
VC_M_28_0115,28,Male,Government,High,Undergraduate
VC_M_33_0116,33,Male,Retired,Upper-Middle,High School
VC_M_29_0117,29,Male,Government,Middle,Postgraduate
VC_M_18_0118,18,Male,Unemployed,Upper-Middle,Postgraduate
VC_O_41_0119,41,Other,Retired,Low,Undergraduate
VC_O_37_0120,37,Other,Self-Employed,Lower-Middle,Postgraduate
VC_M_37_0121,37,Male,Government,Upper-Middle,Postgraduate
VC_O_20_0122,20,Other,Business Owner,Low,Undergraduate
VC_M_44_0123,44,Male,Self-Employed,Middle,Undergraduate
VC_F_15_0124,15,Female,Unemployed,Lower-Middle,Postgraduate
VC_O_35_0125,35,Other,Freelancer,High,No Formal
VC_M_51_0126,51,Male,Retired,Upper-Middle,High School
VC_O_20_0127,20,Other,Self-Employed,Low,Undergraduate
VC_F_24_0128,24,Female,Private Sector,Upper-Middle,Undergraduate
VC_O_30_0129,30,Other,Unemployed,Low,Postgraduate
VC_F_24_0130,24,Female,Freelancer,Upper-Middle,No Formal
VC_F_15_0131,15,Female,Self-Employed,Middle,Postgraduate
VC_M_30_0132,30,Male,Private Sector,Lower-Middle,Postgraduate
VC_O_19_0133,19,Other,Student,Low,High School
VC_O_34_0134,34,Other,Self-Employed,Upper-Middle,No Formal
VC_M_20_0135,20,Male,Business Owner,Low,High School
VC_M_45_0136,45,Male,Freelancer,Middle,No Formal
VC_M_22_0137,22,Male,Private Sector,Low,High School
VC_F_26_0138,26,Female,Private Sector,High,High School
VC_F_38_0139,38,Female,Business Owner,Upper-Middle,Graduate
VC_O_17_0140,17,Other,Business Owner,Upper-Middle,Undergraduate
VC_M_32_0141,32,Male,Business Owner,Low,Postgraduate
VC_M_43_0142,43,Male,Private Sector,High,No Formal
VC_O_15_0143,15,Other,Private Sector,Middle,Postgraduate
VC_M_31_0144,31,Male,Unemployed,Middle,Postgraduate
VC_M_32_0145,32,Male,Unemployed,Upper-Middle,Graduate
VC_F_37_0146,37,Female,Student,Upper-Middle,High School
VC_O_17_0147,17,Other,Self-Employed,Lower-Middle,Graduate
VC_O_16_0148,16,Other,Unemployed,Lower-Middle,Undergraduate
VC_O_35_0149,35,Other,Retired,Low,Postgraduate
VC_O_32_0150,32,Other,Government,Low,No Formal
VC_M_32_0151,32,Male,Business Owner,High,Postgraduate
VC_M_33_0152,33,Male,Unemployed,Lower-Middle,Undergraduate
VC_M_23_0153,23,Male,Business Owner,High,High School
VC_M_32_0154,32,Male,Government,Lower-Middle,Postgraduate
VC_F_32_0155,32,Female,Self-Employed,Low,High School
VC_O_22_0156,22,Other,Student,High,Graduate
VC_O_48_0157,48,Other,Private Sector,Middle,No Formal
VC_F_34_0158,34,Female,Private Sector,Lower-Middle,Postgraduate
VC_F_18_0159,18,Female,Retired,Middle,High School
VC_O_36_0160,36,Other,Self-Employed,Low,Undergraduate
VC_O_20_0161,20,Other,Private Sector,Lower-Middle,Undergraduate
VC_F_37_0162,37,Female,Freelancer,Middle,Postgraduate
VC_O_41_0163,41,Other,Unemployed,High,High School
VC_O_21_0164,21,Other,Retired,Middle,Graduate
VC_M_39_0165,39,Male,Student,Middle,High School
VC_M_34_0166,34,Male,Business Owner,Middle,Undergraduate
VC_M_38_0167,38,Male,Retired,Upper-Middle,Graduate
VC_F_48_0168,48,Female,Retired,Middle,Graduate
VC_O_27_0169,27,Other,Private Sector,Lower-Middle,Postgraduate
VC_M_22_0170,22,Male,Unemployed,Lower-Middle,Postgraduate
VC_M_21_0171,21,Male,Unemployed,Low,No Formal
VC_M_21_0172,21,Male,Student,High,Postgraduate
VC_F_29_0173,29,Female,Self-Employed,Low,Postgraduate
VC_F_33_0174,33,Female,Freelancer,Lower-Middle,Undergraduate
VC_F_32_0175,32,Female,Self-Employed,High,Undergraduate
VC_M_38_0176,38,Male,Freelancer,High,Postgraduate
VC_M_30_0177,30,Male,Business Owner,Middle,Postgraduate
VC_M_44_0178,44,Male,Self-Employed,High,High School
VC_O_27_0179,27,Other,Government,Upper-Middle,High School
VC_M_57_0180,57,Male,Government,Upper-Middle,Undergraduate
VC_M_36_0181,36,Male,Self-Employed,Upper-Middle,High School
VC_M_21_0182,21,Male,Unemployed,Middle,High School
VC_M_19_0183,19,Male,Self-Employed,High,Undergraduate
VC_F_34_0184,34,Female,Freelancer,Upper-Middle,No Formal
VC_M_27_0185,27,Male,Retired,Low,Postgraduate
VC_O_37_0186,37,Other,Unemployed,Middle,Postgraduate
VC_O_34_0187,34,Other,Government,Upper-Middle,Graduate
VC_F_29_0188,29,Female,Private Sector,High,Undergraduate
VC_F_21_0189,21,Female,Self-Employed,High,Graduate
VC_F_15_0190,15,Female,Retired,Upper-Middle,Graduate
VC_O_25_0191,25,Other,Student,High,High School
VC_F_38_0192,38,Female,Government,Lower-Middle,No Formal
VC_O_32_0193,32,Other,Unemployed,Lower-Middle,High School
VC_M_17_0194,17,Male,Government,Middle,Postgraduate
VC_O_31_0195,31,Other,Private Sector,Lower-Middle,Graduate
VC_F_33_0196,33,Female,Private Sector,Upper-Middle,Graduate
VC_F_21_0197,21,Female,Self-Employed,High,High School
VC_O_31_0198,31,Other,Business Owner,Low,High School
VC_M_30_0199,30,Male,Government,High,Postgraduate
VC_M_18_0200,18,Male,Government,High,No Formal
VC_O_33_0201,33,Other,Government,Low,High School
VC_F_35_0202,35,Female,Government,High,Graduate
VC_O_40_0203,40,Other,Student,Middle,No Formal
VC_M_40_0204,40,Male,Freelancer,High,Graduate
VC_F_16_0205,16,Female,Government,Lower-Middle,Graduate
VC_O_20_0206,20,Other,Government,High,High School
VC_O_35_0207,35,Other,Unemployed,Lower-Middle,Undergraduate
VC_F_35_0208,35,Female,Private Sector,Lower-Middle,Graduate
VC_F_35_0209,35,Female,Government,Low,No Formal
VC_M_68_0210,68,Male,Business Owner,Lower-Middle,Postgraduate
VC_M_35_0211,35,Male,Government,Upper-Middle,Postgraduate
VC_O_41_0212,41,Other,Student,High,Postgraduate
VC_M_39_0213,39,Male,Private Sector,Upper-Middle,High School
VC_O_36_0214,36,Other,Student,Upper-Middle,Postgraduate
VC_F_26_0215,26,Female,Retired,Low,Postgraduate
VC_F_37_0216,37,Female,Self-Employed,Upper-Middle,Graduate
VC_F_22_0217,22,Female,Private Sector,Upper-Middle,High School
VC_F_27_0218,27,Female,Freelancer,Lower-Middle,No Formal
VC_F_25_0219,25,Female,Business Owner,Middle,High School
VC_M_30_0220,30,Male,Student,High,Postgraduate
VC_M_53_0221,53,Male,Student,Upper-Middle,High School
VC_O_15_0222,15,Other,Retired,Upper-Middle,Undergraduate
VC_M_36_0223,36,Male,Government,Upper-Middle,Postgraduate
VC_F_15_0224,15,Female,Unemployed,High,Graduate
VC_O_25_0225,25,Other,Retired,High,Undergraduate
VC_O_40_0226,40,Other,Business Owner,Lower-Middle,Graduate
VC_O_30_0227,30,Other,Freelancer,Lower-Middle,Undergraduate
VC_O_19_0228,19,Other,Freelancer,Middle,Undergraduate
VC_O_22_0229,22,Other,Retired,Upper-Middle,High School
VC_O_36_0230,36,Other,Private Sector,Lower-Middle,Graduate
VC_O_22_0231,22,Other,Government,Low,High School
VC_O_32_0232,32,Other,Business Owner,Middle,Postgraduate
VC_O_30_0233,30,Other,Student,Lower-Middle,Graduate
VC_O_23_0234,23,Other,Student,Low,High School
VC_F_51_0235,51,Female,Business Owner,Low,No Formal
VC_F_36_0236,36,Female,Self-Employed,Middle,No Formal
VC_O_15_0237,15,Other,Student,Upper-Middle,Graduate
VC_O_31_0238,31,Other,Unemployed,High,No Formal
VC_M_23_0239,23,Male,Freelancer,Upper-Middle,No Formal
VC_M_38_0240,38,Male,Unemployed,Lower-Middle,No Formal
VC_O_22_0241,22,Other,Self-Employed,High,High School
VC_O_28_0242,28,Other,Student,Middle,High School
VC_O_35_0243,35,Other,Student,Lower-Middle,No Formal
VC_F_38_0244,38,Female,Business Owner,Middle,Graduate
VC_F_17_0245,17,Female,Self-Employed,High,No Formal
VC_O_26_0246,26,Other,Private Sector,Low,Postgraduate
VC_F_25_0247,25,Female,Retired,Middle,Undergraduate
VC_M_23_0248,23,Male,Self-Employed,Upper-Middle,Graduate
VC_O_47_0249,47,Other,Student,Middle,High School
VC_F_34_0250,34,Female,Private Sector,High,No Formal
VC_O_17_0251,17,Other,Unemployed,Middle,No Formal
VC_O_39_0252,39,Other,Unemployed,High,Postgraduate
VC_F_51_0253,51,Female,Freelancer,Upper-Middle,Postgraduate
VC_F_40_0254,40,Female,Self-Employed,Middle,Graduate
VC_O_15_0255,15,Other,Freelancer,High,No Formal
VC_F_25_0256,25,Female,Private Sector,Middle,No Formal
VC_F_42_0257,42,Female,Self-Employed,Lower-Middle,Undergraduate
VC_F_22_0258,22,Female,Retired,High,Postgraduate
VC_M_34_0259,34,Male,Unemployed,Lower-Middle,Undergraduate
VC_M_37_0260,37,Male,Business Owner,Middle,No Formal
VC_O_20_0261,20,Other,Government,Upper-Middle,Undergraduate
VC_F_29_0262,29,Female,Self-Employed,High,Undergraduate
VC_M_15_0263,15,Male,Self-Employed,Upper-Middle,High School
VC_M_19_0264,19,Male,Self-Employed,Middle,High School
VC_M_27_0265,27,Male,Self-Employed,Lower-Middle,Postgraduate
VC_F_17_0266,17,Female,Government,Low,No Formal
VC_M_46_0267,46,Male,Freelancer,High,No Formal
VC_O_15_0268,15,Other,Student,Upper-Middle,Undergraduate
VC_O_25_0269,25,Other,Retired,Upper-Middle,Postgraduate
VC_F_31_0270,31,Female,Freelancer,Lower-Middle,Postgraduate
VC_F_44_0271,44,Female,Business Owner,Lower-Middle,Postgraduate
VC_M_15_0272,15,Male,Student,High,Graduate
VC_F_41_0273,41,Female,Student,High,Undergraduate
VC_F_30_0274,30,Female,Government,Upper-Middle,No Formal
VC_O_20_0275,20,Other,Freelancer,Middle,No Formal
VC_M_34_0276,34,Male,Self-Employed,Upper-Middle,Postgraduate
VC_M_31_0277,31,Male,Retired,Middle,Postgraduate
VC_F_23_0278,23,Female,Government,High,Undergraduate
VC_M_30_0279,30,Male,Unemployed,Upper-Middle,Postgraduate
VC_F_26_0280,26,Female,Retired,Lower-Middle,Graduate
VC_F_31_0281,31,Female,Self-Employed,Upper-Middle,Undergraduate
VC_F_36_0282,36,Female,Business Owner,Middle,Graduate
VC_M_45_0283,45,Male,Government,High,High School
VC_M_17_0284,17,Male,Unemployed,Lower-Middle,Postgraduate
VC_F_51_0285,51,Female,Business Owner,Lower-Middle,High School
VC_O_15_0286,15,Other,Government,Upper-Middle,No Formal
VC_M_28_0287,28,Male,Business Owner,Upper-Middle,High School
VC_O_35_0288,35,Other,Retired,Upper-Middle,Undergraduate
VC_F_32_0289,32,Female,Student,Upper-Middle,No Formal
VC_O_23_0290,23,Other,Government,Low,High School
VC_F_27_0291,27,Female,Freelancer,Low,Graduate
VC_O_25_0292,25,Other,Retired,Middle,Undergraduate
VC_F_24_0293,24,Female,Unemployed,Middle,No Formal
VC_F_38_0294,38,Female,Private Sector,Middle,Postgraduate
VC_M_33_0295,33,Male,Government,Middle,Undergraduate
VC_F_23_0296,23,Female,Freelancer,Upper-Middle,No Formal
VC_F_38_0297,38,Female,Unemployed,Upper-Middle,High School
VC_M_33_0298,33,Male,Retired,Upper-Middle,Postgraduate
VC_O_38_0299,38,Other,Business Owner,Low,No Formal
VC_M_36_0300,36,Male,Retired,Lower-Middle,Undergraduate
VC_F_21_0301,21,Female,Unemployed,Middle,Postgraduate
VC_O_24_0302,24,Other,Business Owner,Middle,Graduate
VC_F_37_0303,37,Female,Freelancer,Upper-Middle,High School
VC_M_36_0304,36,Male,Student,Lower-Middle,High School
VC_O_29_0305,29,Other,Unemployed,Low,High School
VC_M_31_0306,31,Male,Business Owner,Low,No Formal
VC_M_42_0307,42,Male,Freelancer,High,No Formal
VC_M_24_0308,24,Male,Business Owner,High,No Formal
VC_M_35_0309,35,Male,Unemployed,High,High School
VC_M_27_0310,27,Male,Business Owner,Middle,High School
VC_M_27_0311,27,Male,Unemployed,Upper-Middle,High School
VC_M_40_0312,40,Male,Government,Low,No Formal
VC_O_38_0313,38,Other,Retired,Middle,Graduate
VC_F_38_0314,38,Female,Unemployed,High,Graduate
VC_M_43_0315,43,Male,Government,High,Postgraduate
VC_F_30_0316,30,Female,Business Owner,High,Postgraduate
VC_F_36_0317,36,Female,Retired,Upper-Middle,Postgraduate
VC_M_26_0318,26,Male,Private Sector,Upper-Middle,Undergraduate
VC_F_33_0319,33,Female,Business Owner,Middle,High School
VC_F_28_0320,28,Female,Student,Low,Postgraduate
VC_M_30_0321,30,Male,Retired,Middle,Graduate
VC_O_35_0322,35,Other,Student,Upper-Middle,Graduate
VC_F_21_0323,21,Female,Student,Upper-Middle,Undergraduate
VC_O_50_0324,50,Other,Self-Employed,Low,Postgraduate
VC_F_19_0325,19,Female,Self-Employed,Upper-Middle,Postgraduate
VC_F_17_0326,17,Female,Business Owner,Lower-Middle,High School
VC_O_41_0327,41,Other,Business Owner,Upper-Middle,High School
VC_F_37_0328,37,Female,Private Sector,Upper-Middle,High School
VC_O_36_0329,36,Other,Unemployed,Middle,Postgraduate
VC_F_36_0330,36,Female,Business Owner,Lower-Middle,No Formal
VC_M_29_0331,29,Male,Government,Middle,No Formal
VC_O_21_0332,21,Other,Freelancer,High,Graduate
VC_F_30_0333,30,Female,Freelancer,Lower-Middle,Undergraduate
VC_M_23_0334,23,Male,Government,Low,Postgraduate
VC_M_39_0335,39,Male,Government,Low,Undergraduate
VC_F_28_0336,28,Female,Government,Upper-Middle,No Formal
VC_M_21_0337,21,Male,Private Sector,Lower-Middle,No Formal
VC_F_26_0338,26,Female,Self-Employed,Middle,Graduate
VC_F_34_0339,34,Female,Freelancer,Middle,Graduate
VC_O_24_0340,24,Other,Student,Middle,No Formal
VC_M_21_0341,21,Male,Student,Middle,Graduate
VC_M_32_0342,32,Male,Freelancer,Lower-Middle,High School
VC_F_32_0343,32,Female,Business Owner,Low,No Formal
VC_O_24_0344,24,Other,Self-Employed,Upper-Middle,Graduate
VC_M_25_0345,25,Male,Student,Lower-Middle,Graduate
VC_O_32_0346,32,Other,Private Sector,High,High School
VC_F_15_0347,15,Female,Business Owner,Middle,Undergraduate
VC_M_15_0348,15,Male,Student,High,Postgraduate
VC_M_22_0349,22,Male,Unemployed,Upper-Middle,Undergraduate
VC_M_27_0350,27,Male,Retired,Low,High School
VC_M_33_0351,33,Male,Self-Employed,Upper-Middle,Undergraduate
VC_M_44_0352,44,Male,Government,Middle,Postgraduate
VC_M_38_0353,38,Male,Business Owner,Lower-Middle,No Formal
VC_M_28_0354,28,Male,Freelancer,High,High School
VC_F_29_0355,29,Female,Private Sector,Lower-Middle,High School
VC_F_19_0356,19,Female,Private Sector,High,Undergraduate
VC_O_29_0357,29,Other,Student,Low,Undergraduate
VC_O_27_0358,27,Other,Government,High,No Formal
VC_M_33_0359,33,Male,Freelancer,Lower-Middle,Undergraduate
VC_O_21_0360,21,Other,Retired,Upper-Middle,High School
VC_M_35_0361,35,Male,Business Owner,Middle,High School
VC_F_45_0362,45,Female,Student,Upper-Middle,Graduate
VC_O_28_0363,28,Other,Unemployed,High,Graduate
VC_M_34_0364,34,Male,Government,High,Undergraduate
VC_F_36_0365,36,Female,Freelancer,Middle,Postgraduate
VC_O_25_0366,25,Other,Government,Low,Postgraduate
VC_M_32_0367,32,Male,Freelancer,Middle,Undergraduate
VC_O_30_0368,30,Other,Retired,Upper-Middle,No Formal
VC_O_30_0369,30,Other,Business Owner,Lower-Middle,No Formal
VC_O_22_0370,22,Other,Retired,High,High School
VC_F_30_0371,30,Female,Private Sector,High,Graduate
VC_M_34_0372,34,Male,Freelancer,High,High School
VC_O_44_0373,44,Other,Unemployed,Middle,Graduate
VC_O_39_0374,39,Other,Retired,Low,No Formal
VC_O_51_0375,51,Other,Private Sector,Low,High School
VC_M_22_0376,22,Male,Student,Lower-Middle,No Formal
VC_F_38_0377,38,Female,Self-Employed,Low,No Formal
VC_O_31_0378,31,Other,Business Owner,Upper-Middle,Postgraduate
VC_O_51_0379,51,Other,Unemployed,Low,Undergraduate
VC_M_21_0380,21,Male,Private Sector,Low,High School
VC_O_21_0381,21,Other,Freelancer,Low,Graduate
VC_O_24_0382,24,Other,Student,Middle,Postgraduate
VC_O_15_0383,15,Other,Business Owner,Middle,No Formal
VC_O_24_0384,24,Other,Unemployed,High,No Formal
VC_O_22_0385,22,Other,Private Sector,Middle,No Formal
VC_M_31_0386,31,Male,Private Sector,Low,High School
VC_O_33_0387,33,Other,Business Owner,Lower-Middle,High School
VC_O_48_0388,48,Other,Self-Employed,High,High School
VC_O_39_0389,39,Other,Business Owner,Low,Postgraduate
VC_F_24_0390,24,Female,Freelancer,Upper-Middle,No Formal
VC_M_21_0391,21,Male,Government,High,Graduate
VC_O_34_0392,34,Other,Retired,Lower-Middle,Postgraduate
VC_O_16_0393,16,Other,Freelancer,Middle,Undergraduate
VC_O_48_0394,48,Other,Retired,Middle,Graduate
VC_O_41_0395,41,Other,Business Owner,Middle,Postgraduate
VC_M_25_0396,25,Male,Self-Employed,Upper-Middle,Postgraduate
VC_O_15_0397,15,Other,Unemployed,Middle,Graduate
VC_F_43_0398,43,Female,Business Owner,Low,No Formal
VC_F_28_0399,28,Female,Student,High,High School
VC_F_42_0400,42,Female,Student,Middle,High School
VC_M_15_0401,15,Male,Retired,Low,Undergraduate
VC_O_24_0402,24,Other,Government,Low,No Formal
VC_F_30_0403,30,Female,Retired,Lower-Middle,High School
VC_F_30_0404,30,Female,Retired,High,High School
VC_M_25_0405,25,Male,Unemployed,Middle,No Formal
VC_O_36_0406,36,Other,Business Owner,High,High School
VC_O_19_0407,19,Other,Private Sector,Middle,Graduate
VC_M_28_0408,28,Male,Freelancer,High,No Formal
VC_O_31_0409,31,Other,Unemployed,Low,Postgraduate
VC_F_35_0410,35,Female,Private Sector,Low,Undergraduate
VC_F_37_0411,37,Female,Business Owner,Upper-Middle,No Formal
VC_M_18_0412,18,Male,Student,Upper-Middle,No Formal
VC_F_15_0413,15,Female,Student,Middle,Postgraduate
VC_O_42_0414,42,Other,Government,Middle,Postgraduate
VC_O_33_0415,33,Other,Self-Employed,Lower-Middle,No Formal
VC_O_22_0416,22,Other,Business Owner,Upper-Middle,Postgraduate
VC_O_45_0417,45,Other,Private Sector,Lower-Middle,Graduate
VC_F_31_0418,31,Female,Business Owner,Lower-Middle,High School
VC_F_41_0419,41,Female,Private Sector,Upper-Middle,Postgraduate
VC_O_30_0420,30,Other,Student,High,Graduate
VC_F_50_0421,50,Female,Private Sector,Upper-Middle,Postgraduate
VC_F_47_0422,47,Female,Government,Lower-Middle,Graduate
VC_O_27_0423,27,Other,Self-Employed,Upper-Middle,Graduate
VC_O_39_0424,39,Other,Self-Employed,High,Postgraduate
VC_O_36_0425,36,Other,Self-Employed,Lower-Middle,No Formal
VC_F_43_0426,43,Female,Business Owner,Middle,Postgraduate
VC_M_20_0427,20,Male,Private Sector,Upper-Middle,Graduate
VC_F_36_0428,36,Female,Retired,Lower-Middle,Undergraduate
VC_F_40_0429,40,Female,Student,Middle,High School
VC_F_15_0430,15,Female,Freelancer,High,High School
VC_F_18_0431,18,Female,Student,Lower-Middle,High School
VC_O_15_0432,15,Other,Retired,Lower-Middle,No Formal
VC_M_27_0433,27,Male,Student,Lower-Middle,Postgraduate
VC_M_37_0434,37,Male,Unemployed,Low,Undergraduate
VC_O_45_0435,45,Other,Private Sector,Middle,Graduate
VC_F_30_0436,30,Female,Student,Middle,High School
VC_O_46_0437,46,Other,Self-Employed,Lower-Middle,Postgraduate
VC_O_16_0438,16,Other,Unemployed,High,Graduate
VC_O_15_0439,15,Other,Government,Low,Graduate
VC_O_29_0440,29,Other,Student,Middle,High School
VC_M_33_0441,33,Male,Unemployed,Lower-Middle,Postgraduate
VC_F_29_0442,29,Female,Student,Upper-Middle,No Formal
VC_M_15_0443,15,Male,Business Owner,Middle,Undergraduate
VC_M_29_0444,29,Male,Student,Middle,Graduate
VC_M_16_0445,16,Male,Business Owner,High,No Formal
VC_F_36_0446,36,Female,Freelancer,High,Postgraduate
VC_M_33_0447,33,Male,Government,Lower-Middle,Postgraduate
VC_F_20_0448,20,Female,Student,Low,High School
VC_O_24_0449,24,Other,Unemployed,Middle,Graduate
VC_F_19_0450,19,Female,Government,Low,Undergraduate
VC_O_29_0451,29,Other,Retired,Middle,Undergraduate
VC_M_39_0452,39,Male,Unemployed,Low,Undergraduate
VC_F_20_0453,20,Female,Student,High,Undergraduate
VC_M_35_0454,35,Male,Government,Middle,Graduate
VC_O_24_0455,24,Other,Government,Low,Graduate
VC_O_22_0456,22,Other,Self-Employed,Upper-Middle,High School
VC_O_28_0457,28,Other,Government,Upper-Middle,Undergraduate
VC_O_19_0458,19,Other,Retired,Upper-Middle,Postgraduate
VC_M_24_0459,24,Male,Self-Employed,Lower-Middle,Postgraduate
VC_O_18_0460,18,Other,Self-Employed,Lower-Middle,Undergraduate
VC_O_49_0461,49,Other,Government,Upper-Middle,High School
VC_O_30_0462,30,Other,Government,Middle,No Formal
VC_O_23_0463,23,Other,Private Sector,Lower-Middle,Undergraduate
VC_M_32_0464,32,Male,Student,Middle,Graduate
VC_F_28_0465,28,Female,Unemployed,Upper-Middle,Undergraduate
VC_M_27_0466,27,Male,Self-Employed,Low,High School
VC_M_36_0467,36,Male,Student,High,Postgraduate
VC_F_37_0468,37,Female,Self-Employed,High,High School
VC_M_24_0469,24,Male,Student,Middle,No Formal
VC_O_24_0470,24,Other,Freelancer,Lower-Middle,Postgraduate
VC_O_27_0471,27,Other,Freelancer,Middle,High School
VC_F_15_0472,15,Female,Freelancer,Upper-Middle,High School
VC_M_15_0473,15,Male,Self-Employed,Lower-Middle,No Formal
VC_F_43_0474,43,Female,Student,Middle,Graduate
VC_M_46_0475,46,Male,Self-Employed,Lower-Middle,No Formal
VC_M_27_0476,27,Male,Freelancer,High,Graduate
VC_O_35_0477,35,Other,Retired,Upper-Middle,High School
VC_F_33_0478,33,Female,Business Owner,Low,Postgraduate
VC_O_60_0479,60,Other,Business Owner,Middle,Graduate
VC_O_41_0480,41,Other,Student,High,No Formal
VC_F_28_0481,28,Female,Freelancer,Low,High School
VC_O_20_0482,20,Other,Business Owner,Low,Postgraduate
VC_F_15_0483,15,Female,Student,Lower-Middle,Undergraduate
VC_F_32_0484,32,Female,Business Owner,Middle,Undergraduate
VC_F_22_0485,22,Female,Government,Upper-Middle,Undergraduate
VC_O_15_0486,15,Other,Student,High,High School
VC_F_23_0487,23,Female,Freelancer,Low,Postgraduate
VC_M_19_0488,19,Male,Government,High,Postgraduate
VC_M_46_0489,46,Male,Business Owner,Upper-Middle,Undergraduate
VC_F_38_0490,38,Female,Student,Lower-Middle,Graduate
VC_O_29_0491,29,Other,Self-Employed,Upper-Middle,No Formal
VC_F_44_0492,44,Female,Retired,Lower-Middle,No Formal
VC_M_30_0493,30,Male,Private Sector,Upper-Middle,Undergraduate
VC_M_21_0494,21,Male,Business Owner,High,Postgraduate
VC_M_45_0495,45,Male,Business Owner,High,Graduate
VC_M_35_0496,35,Male,Government,Middle,Postgraduate
VC_O_19_0497,19,Other,Government,Lower-Middle,High School
VC_M_28_0498,28,Male,Student,Upper-Middle,Undergraduate
VC_F_21_0499,21,Female,Freelancer,Middle,High School
VC_M_16_0500,16,Male,Government,Lower-Middle,No Formal
VC_O_39_0501,39,Other,Unemployed,Low,Graduate
VC_F_49_0502,49,Female,Freelancer,High,No Formal
VC_O_16_0503,16,Other,Freelancer,Lower-Middle,High School
VC_O_35_0504,35,Other,Freelancer,Upper-Middle,Graduate
VC_F_23_0505,23,Female,Private Sector,High,Postgraduate
VC_M_25_0506,25,Male,Self-Employed,High,Undergraduate
VC_O_24_0507,24,Other,Self-Employed,Low,High School
VC_M_21_0508,21,Male,Student,Middle,No Formal
VC_M_30_0509,30,Male,Student,High,Postgraduate
VC_F_21_0510,21,Female,Retired,Low,No Formal
VC_M_32_0511,32,Male,Business Owner,Lower-Middle,High School
VC_O_29_0512,29,Other,Unemployed,High,Postgraduate
VC_O_27_0513,27,Other,Government,Upper-Middle,Postgraduate
VC_F_20_0514,20,Female,Student,Low,Undergraduate
VC_F_24_0515,24,Female,Retired,Upper-Middle,No Formal
VC_F_37_0516,37,Female,Private Sector,Middle,Graduate
VC_M_35_0517,35,Male,Private Sector,Middle,Undergraduate
VC_O_20_0518,20,Other,Business Owner,High,High School
VC_O_30_0519,30,Other,Self-Employed,High,No Formal
VC_M_37_0520,37,Male,Private Sector,Upper-Middle,Postgraduate
VC_O_15_0521,15,Other,Unemployed,Upper-Middle,Postgraduate
VC_F_35_0522,35,Female,Unemployed,High,Postgraduate
VC_O_23_0523,23,Other,Retired,Lower-Middle,Postgraduate
VC_O_35_0524,35,Other,Freelancer,High,Graduate
VC_F_22_0525,22,Female,Government,High,High School
VC_O_15_0526,15,Other,Unemployed,Lower-Middle,No Formal
VC_M_15_0527,15,Male,Student,Upper-Middle,No Formal
VC_O_30_0528,30,Other,Self-Employed,High,Graduate
VC_F_32_0529,32,Female,Student,Middle,Undergraduate
VC_O_20_0530,20,Other,Self-Employed,Low,High School
VC_O_36_0531,36,Other,Unemployed,Middle,No Formal
VC_F_15_0532,15,Female,Unemployed,High,Postgraduate
VC_F_29_0533,29,Female,Student,Low,Undergraduate
VC_F_17_0534,17,Female,Business Owner,High,Postgraduate
VC_M_23_0535,23,Male,Government,Lower-Middle,Undergraduate
VC_F_30_0536,30,Female,Freelancer,Upper-Middle,No Formal
VC_O_21_0537,21,Other,Government,Upper-Middle,High School
VC_O_26_0538,26,Other,Freelancer,High,Undergraduate
VC_F_40_0539,40,Female,Business Owner,Low,Postgraduate
VC_F_24_0540,24,Female,Retired,High,Postgraduate
VC_M_38_0541,38,Male,Self-Employed,High,Undergraduate
VC_F_18_0542,18,Female,Private Sector,Lower-Middle,Undergraduate
VC_M_35_0543,35,Male,Retired,Upper-Middle,Postgraduate
VC_M_44_0544,44,Male,Business Owner,Lower-Middle,Postgraduate
VC_M_15_0545,15,Male,Unemployed,Middle,No Formal
VC_F_22_0546,22,Female,Business Owner,Low,Graduate
VC_M_35_0547,35,Male,Retired,Upper-Middle,Undergraduate
VC_M_27_0548,27,Male,Unemployed,Lower-Middle,No Formal
VC_F_33_0549,33,Female,Student,Lower-Middle,No Formal
VC_F_23_0550,23,Female,Student,Upper-Middle,Postgraduate
VC_M_30_0551,30,Male,Self-Employed,Middle,Graduate
VC_O_28_0552,28,Other,Unemployed,Middle,High School
VC_M_41_0553,41,Male,Government,Lower-Middle,No Formal
VC_F_32_0554,32,Female,Business Owner,High,No Formal
VC_M_33_0555,33,Male,Unemployed,Low,Postgraduate
VC_M_25_0556,25,Male,Retired,Upper-Middle,No Formal
VC_M_25_0557,25,Male,Unemployed,Low,Postgraduate
VC_F_25_0558,25,Female,Self-Employed,Middle,High School
VC_M_33_0559,33,Male,Unemployed,Middle,Postgraduate
VC_F_25_0560,25,Female,Freelancer,Low,Undergraduate
VC_M_32_0561,32,Male,Government,Middle,No Formal
VC_M_50_0562,50,Male,Private Sector,Lower-Middle,Postgraduate
VC_F_38_0563,38,Female,Retired,Middle,High School
VC_O_26_0564,26,Other,Unemployed,High,High School
VC_M_42_0565,42,Male,Private Sector,Middle,Postgraduate
VC_F_25_0566,25,Female,Freelancer,Low,High School
VC_M_15_0567,15,Male,Freelancer,Low,No Formal
VC_F_19_0568,19,Female,Student,Low,Graduate
VC_F_15_0569,15,Female,Government,High,Postgraduate
VC_O_26_0570,26,Other,Freelancer,High,Undergraduate
VC_F_30_0571,30,Female,Retired,Lower-Middle,Postgraduate
VC_M_46_0572,46,Male,Freelancer,High,High School
VC_M_33_0573,33,Male,Freelancer,Low,Graduate
VC_F_27_0574,27,Female,Freelancer,Upper-Middle,High School
VC_M_38_0575,38,Male,Government,High,Undergraduate
VC_F_15_0576,15,Female,Business Owner,Lower-Middle,Undergraduate
VC_F_32_0577,32,Female,Freelancer,Upper-Middle,No Formal
VC_M_37_0578,37,Male,Freelancer,Low,Undergraduate
VC_F_15_0579,15,Female,Freelancer,Lower-Middle,Undergraduate
VC_F_41_0580,41,Female,Government,High,No Formal
VC_F_33_0581,33,Female,Private Sector,Middle,Postgraduate
VC_O_25_0582,25,Other,Private Sector,Middle,Postgraduate
VC_F_36_0583,36,Female,Business Owner,High,Graduate
VC_M_52_0584,52,Male,Self-Employed,High,High School
VC_F_31_0585,31,Female,Business Owner,Low,Undergraduate
VC_M_32_0586,32,Male,Business Owner,Upper-Middle,Postgraduate
VC_F_25_0587,25,Female,Self-Employed,Lower-Middle,No Formal
VC_O_21_0588,21,Other,Freelancer,Low,Postgraduate
VC_O_38_0589,38,Other,Freelancer,Middle,Postgraduate
VC_M_21_0590,21,Male,Freelancer,Lower-Middle,Undergraduate
VC_F_30_0591,30,Female,Private Sector,High,No Formal
VC_O_25_0592,25,Other,Business Owner,Middle,Graduate
VC_O_34_0593,34,Other,Student,Low,High School
VC_M_33_0594,33,Male,Student,Lower-Middle,High School
VC_F_40_0595,40,Female,Unemployed,Upper-Middle,Postgraduate
VC_O_24_0596,24,Other,Freelancer,Lower-Middle,High School
VC_O_27_0597,27,Other,Retired,Middle,Postgraduate
VC_O_20_0598,20,Other,Unemployed,Upper-Middle,Undergraduate
VC_M_25_0599,25,Male,Student,High,Postgraduate
VC_F_33_0600,33,Female,Government,Middle,No Formal
VC_F_37_0601,37,Female,Student,Low,Postgraduate
VC_F_20_0602,20,Female,Private Sector,Middle,No Formal
VC_M_38_0603,38,Male,Business Owner,High,Graduate
VC_O_43_0604,43,Other,Retired,Upper-Middle,Graduate
VC_F_34_0605,34,Female,Business Owner,High,High School
VC_O_48_0606,48,Other,Government,Upper-Middle,High School
VC_M_22_0607,22,Male,Business Owner,Middle,Graduate
VC_M_17_0608,17,Male,Unemployed,Lower-Middle,High School
VC_M_15_0609,15,Male,Private Sector,Low,High School
VC_O_44_0610,44,Other,Freelancer,Upper-Middle,High School
VC_M_36_0611,36,Male,Government,Upper-Middle,Graduate
VC_O_29_0612,29,Other,Business Owner,High,High School
VC_F_32_0613,32,Female,Business Owner,High,Graduate
VC_F_18_0614,18,Female,Retired,Lower-Middle,High School
VC_F_54_0615,54,Female,Student,High,Graduate
VC_O_31_0616,31,Other,Self-Employed,High,Undergraduate
VC_F_31_0617,31,Female,Retired,Low,No Formal
VC_O_37_0618,37,Other,Freelancer,Middle,No Formal
VC_O_34_0619,34,Other,Freelancer,Low,High School
VC_O_32_0620,32,Other,Unemployed,Upper-Middle,Postgraduate
VC_M_22_0621,22,Male,Private Sector,Lower-Middle,Graduate
VC_O_34_0622,34,Other,Private Sector,High,Postgraduate
VC_F_48_0623,48,Female,Student,Middle,Postgraduate
VC_M_43_0624,43,Male,Freelancer,Upper-Middle,Postgraduate
VC_F_45_0625,45,Female,Retired,Upper-Middle,Undergraduate
VC_F_24_0626,24,Female,Unemployed,Lower-Middle,No Formal
VC_O_20_0627,20,Other,Unemployed,High,Undergraduate
VC_M_28_0628,28,Male,Freelancer,High,High School
VC_O_30_0629,30,Other,Student,Middle,Postgraduate
VC_M_40_0630,40,Male,Unemployed,Upper-Middle,No Formal
VC_M_15_0631,15,Male,Private Sector,Middle,Undergraduate
VC_M_45_0632,45,Male,Unemployed,Middle,Undergraduate
VC_M_28_0633,28,Male,Private Sector,High,High School
VC_O_25_0634,25,Other,Government,Upper-Middle,Undergraduate
VC_M_19_0635,19,Male,Unemployed,Lower-Middle,Graduate
VC_M_15_0636,15,Male,Student,Middle,No Formal
VC_M_38_0637,38,Male,Government,Upper-Middle,Graduate
VC_F_30_0638,30,Female,Self-Employed,Upper-Middle,High School
VC_M_17_0639,17,Male,Retired,Low,Undergraduate
VC_M_17_0640,17,Male,Student,Lower-Middle,Graduate
VC_F_26_0641,26,Female,Freelancer,Middle,Graduate
VC_O_46_0642,46,Other,Self-Employed,Upper-Middle,Graduate
VC_F_27_0643,27,Female,Unemployed,Lower-Middle,Postgraduate
VC_F_15_0644,15,Female,Student,Middle,Graduate
VC_F_27_0645,27,Female,Retired,High,No Formal
VC_M_27_0646,27,Male,Retired,Upper-Middle,Postgraduate
VC_O_15_0647,15,Other,Unemployed,Middle,Undergraduate
VC_F_29_0648,29,Female,Private Sector,Middle,Postgraduate
VC_F_27_0649,27,Female,Freelancer,Lower-Middle,Postgraduate
VC_M_36_0650,36,Male,Retired,Lower-Middle,Undergraduate
VC_O_48_0651,48,Other,Student,Low,No Formal
VC_M_41_0652,41,Male,Business Owner,Low,Postgraduate
VC_M_27_0653,27,Male,Freelancer,Middle,High School
VC_O_18_0654,18,Other,Unemployed,Middle,High School
VC_M_55_0655,55,Male,Student,High,No Formal
VC_M_30_0656,30,Male,Self-Employed,High,No Formal
VC_O_30_0657,30,Other,Private Sector,Low,Postgraduate
VC_M_29_0658,29,Male,Business Owner,High,High School
VC_M_31_0659,31,Male,Government,Middle,Undergraduate
VC_F_28_0660,28,Female,Private Sector,Upper-Middle,Undergraduate
VC_F_24_0661,24,Female,Retired,Middle,High School
VC_M_24_0662,24,Male,Unemployed,Low,Graduate
VC_F_29_0663,29,Female,Retired,Low,Undergraduate
VC_F_24_0664,24,Female,Government,Upper-Middle,No Formal
VC_F_22_0665,22,Female,Self-Employed,High,Graduate
VC_M_31_0666,31,Male,Freelancer,Low,High School
VC_O_27_0667,27,Other,Business Owner,Lower-Middle,Postgraduate
VC_O_45_0668,45,Other,Private Sector,Upper-Middle,Undergraduate
VC_M_15_0669,15,Male,Student,Low,No Formal
VC_O_40_0670,40,Other,Unemployed,Upper-Middle,No Formal
VC_F_42_0671,42,Female,Government,Low,No Formal
VC_O_15_0672,15,Other,Business Owner,Middle,High School
VC_O_26_0673,26,Other,Retired,Upper-Middle,Postgraduate
VC_M_26_0674,26,Male,Freelancer,Upper-Middle,Graduate
VC_F_15_0675,15,Female,Private Sector,High,High School
VC_M_22_0676,22,Male,Business Owner,Upper-Middle,No Formal
VC_O_18_0677,18,Other,Retired,Middle,Undergraduate
VC_F_47_0678,47,Female,Student,Low,Undergraduate
VC_O_39_0679,39,Other,Retired,Low,Graduate
VC_F_42_0680,42,Female,Self-Employed,Lower-Middle,Postgraduate
VC_M_37_0681,37,Male,Business Owner,Lower-Middle,Undergraduate
VC_O_18_0682,18,Other,Business Owner,Low,Undergraduate
VC_F_24_0683,24,Female,Private Sector,Upper-Middle,High School
VC_M_34_0684,34,Male,Student,Lower-Middle,No Formal
VC_O_17_0685,17,Other,Self-Employed,Upper-Middle,Graduate
VC_M_37_0686,37,Male,Unemployed,Upper-Middle,Postgraduate
VC_F_27_0687,27,Female,Student,Low,Undergraduate
VC_M_26_0688,26,Male,Retired,Low,Graduate
VC_M_37_0689,37,Male,Self-Employed,High,Graduate
VC_O_34_0690,34,Other,Government,High,High School
VC_M_26_0691,26,Male,Student,Lower-Middle,Graduate
VC_O_41_0692,41,Other,Student,Upper-Middle,Postgraduate
VC_M_19_0693,19,Male,Self-Employed,Lower-Middle,No Formal
VC_M_36_0694,36,Male,Student,Middle,No Formal
VC_F_35_0695,35,Female,Government,High,No Formal
VC_M_26_0696,26,Male,Private Sector,Upper-Middle,Postgraduate
VC_O_33_0697,33,Other,Self-Employed,Low,High School
VC_F_17_0698,17,Female,Retired,Upper-Middle,Undergraduate
VC_M_39_0699,39,Male,Government,Middle,High School
VC_M_28_0700,28,Male,Government,Middle,No Formal
VC_M_24_0701,24,Male,Unemployed,Lower-Middle,Graduate
VC_M_40_0702,40,Male,Retired,High,High School
VC_F_22_0703,22,Female,Self-Employed,High,No Formal
VC_M_15_0704,15,Male,Private Sector,High,Graduate
VC_M_15_0705,15,Male,Student,Upper-Middle,No Formal
VC_M_36_0706,36,Male,Student,Lower-Middle,No Formal
VC_O_17_0707,17,Other,Unemployed,Upper-Middle,Graduate
VC_O_47_0708,47,Other,Government,Lower-Middle,High School
VC_O_15_0709,15,Other,Unemployed,High,Graduate
VC_F_46_0710,46,Female,Self-Employed,Lower-Middle,Postgraduate
VC_O_32_0711,32,Other,Student,High,High School
VC_O_29_0712,29,Other,Freelancer,High,No Formal
VC_O_24_0713,24,Other,Unemployed,Middle,Graduate
VC_M_33_0714,33,Male,Self-Employed,Lower-Middle,No Formal
VC_O_29_0715,29,Other,Private Sector,High,Undergraduate
VC_O_41_0716,41,Other,Self-Employed,Upper-Middle,High School
VC_F_31_0717,31,Female,Student,Lower-Middle,No Formal
VC_M_31_0718,31,Male,Freelancer,Upper-Middle,High School
VC_M_26_0719,26,Male,Student,Low,Undergraduate
VC_F_29_0720,29,Female,Self-Employed,Upper-Middle,Undergraduate
VC_F_33_0721,33,Female,Freelancer,Low,No Formal
VC_O_15_0722,15,Other,Student,High,High School
VC_M_16_0723,16,Male,Student,Upper-Middle,Postgraduate
VC_M_37_0724,37,Male,Private Sector,Lower-Middle,Graduate
VC_O_31_0725,31,Other,Retired,Upper-Middle,High School
VC_O_28_0726,28,Other,Retired,Lower-Middle,No Formal
VC_F_30_0727,30,Female,Self-Employed,Low,High School
VC_O_33_0728,33,Other,Business Owner,Lower-Middle,Graduate
VC_M_24_0729,24,Male,Private Sector,Upper-Middle,Postgraduate
VC_F_22_0730,22,Female,Student,Upper-Middle,High School
VC_M_31_0731,31,Male,Freelancer,Lower-Middle,Graduate
VC_F_20_0732,20,Female,Government,Upper-Middle,High School
VC_O_34_0733,34,Other,Retired,Middle,High School
VC_F_15_0734,15,Female,Government,Low,Postgraduate
VC_M_40_0735,40,Male,Unemployed,Lower-Middle,No Formal
VC_F_34_0736,34,Female,Freelancer,Upper-Middle,High School
VC_F_32_0737,32,Female,Self-Employed,Middle,Postgraduate
VC_M_39_0738,39,Male,Government,High,Postgraduate
VC_M_46_0739,46,Male,Private Sector,Upper-Middle,Postgraduate
VC_F_40_0740,40,Female,Self-Employed,High,Graduate
VC_F_15_0741,15,Female,Unemployed,Low,Graduate
VC_O_17_0742,17,Other,Self-Employed,Lower-Middle,Undergraduate
VC_F_23_0743,23,Female,Self-Employed,High,High School
VC_O_30_0744,30,Other,Student,Upper-Middle,No Formal
VC_M_35_0745,35,Male,Freelancer,High,No Formal
VC_F_22_0746,22,Female,Business Owner,Upper-Middle,No Formal
VC_F_31_0747,31,Female,Freelancer,Lower-Middle,No Formal
VC_O_22_0748,22,Other,Student,Upper-Middle,High School
VC_M_23_0749,23,Male,Retired,Middle,High School
VC_O_15_0750,15,Other,Private Sector,Low,Graduate
VC_O_20_0751,20,Other,Unemployed,Lower-Middle,Graduate
VC_O_16_0752,16,Other,Student,Upper-Middle,Graduate
VC_M_20_0753,20,Male,Business Owner,Lower-Middle,Undergraduate
VC_O_40_0754,40,Other,Freelancer,Low,No Formal
VC_F_20_0755,20,Female,Retired,High,No Formal
VC_F_56_0756,56,Female,Business Owner,Middle,Postgraduate
VC_O_34_0757,34,Other,Self-Employed,Low,Postgraduate
VC_F_31_0758,31,Female,Student,High,Undergraduate
VC_M_21_0759,21,Male,Private Sector,Upper-Middle,Undergraduate
VC_F_37_0760,37,Female,Student,Middle,Undergraduate
VC_M_24_0761,24,Male,Private Sector,High,High School
VC_M_31_0762,31,Male,Retired,Lower-Middle,Postgraduate
VC_M_55_0763,55,Male,Freelancer,High,High School
VC_O_29_0764,29,Other,Self-Employed,Middle,Undergraduate
VC_F_41_0765,41,Female,Business Owner,Middle,No Formal
VC_M_22_0766,22,Male,Retired,Middle,Graduate
VC_F_29_0767,29,Female,Private Sector,Upper-Middle,Postgraduate
VC_O_47_0768,47,Other,Unemployed,Upper-Middle,Postgraduate
VC_F_23_0769,23,Female,Private Sector,Lower-Middle,Graduate
VC_M_48_0770,48,Male,Private Sector,Upper-Middle,High School
VC_F_37_0771,37,Female,Private Sector,Low,High School
VC_F_24_0772,24,Female,Private Sector,Lower-Middle,Graduate
VC_M_36_0773,36,Male,Self-Employed,High,No Formal
VC_F_39_0774,39,Female,Business Owner,High,High School
VC_F_36_0775,36,Female,Retired,Upper-Middle,Graduate
VC_O_15_0776,15,Other,Student,Middle,High School
VC_M_22_0777,22,Male,Student,Lower-Middle,Postgraduate
VC_O_27_0778,27,Other,Retired,Upper-Middle,Postgraduate
VC_F_29_0779,29,Female,Retired,Upper-Middle,Postgraduate
VC_O_36_0780,36,Other,Freelancer,Upper-Middle,Undergraduate
VC_O_31_0781,31,Other,Government,Middle,High School
VC_F_16_0782,16,Female,Self-Employed,Upper-Middle,Undergraduate
VC_F_33_0783,33,Female,Student,Lower-Middle,Undergraduate
VC_F_36_0784,36,Female,Freelancer,Lower-Middle,Postgraduate
VC_M_35_0785,35,Male,Unemployed,Lower-Middle,High School
VC_O_40_0786,40,Other,Government,Lower-Middle,High School
VC_M_38_0787,38,Male,Student,Middle,Postgraduate
VC_M_34_0788,34,Male,Freelancer,Middle,Undergraduate
VC_M_29_0789,29,Male,Self-Employed,High,No Formal
VC_O_15_0790,15,Other,Retired,Middle,High School
VC_F_34_0791,34,Female,Freelancer,High,High School
VC_O_32_0792,32,Other,Unemployed,Low,No Formal
VC_F_32_0793,32,Female,Freelancer,Lower-Middle,Graduate
VC_F_17_0794,17,Female,Government,Low,Postgraduate
VC_O_19_0795,19,Other,Retired,Middle,Graduate
VC_F_40_0796,40,Female,Government,High,Graduate
VC_F_29_0797,29,Female,Private Sector,Upper-Middle,No Formal
VC_M_36_0798,36,Male,Private Sector,Middle,No Formal
VC_F_30_0799,30,Female,Self-Employed,Upper-Middle,Undergraduate
VC_M_30_0800,30,Male,Retired,Low,Postgraduate
VC_O_39_0801,39,Other,Self-Employed,High,Postgraduate
VC_M_24_0802,24,Male,Unemployed,Lower-Middle,No Formal
VC_M_30_0803,30,Male,Freelancer,Low,Postgraduate
VC_F_25_0804,25,Female,Self-Employed,Upper-Middle,Undergraduate
VC_O_25_0805,25,Other,Student,Middle,Graduate
VC_M_26_0806,26,Male,Business Owner,Middle,Graduate
VC_F_32_0807,32,Female,Student,Middle,Undergraduate
VC_F_25_0808,25,Female,Unemployed,Upper-Middle,Postgraduate
VC_M_42_0809,42,Male,Self-Employed,Upper-Middle,Graduate
VC_F_21_0810,21,Female,Unemployed,Lower-Middle,Graduate
VC_O_28_0811,28,Other,Business Owner,Lower-Middle,Postgraduate
VC_O_25_0812,25,Other,Private Sector,Lower-Middle,High School
VC_F_44_0813,44,Female,Freelancer,High,Undergraduate
VC_M_31_0814,31,Male,Business Owner,Low,No Formal
VC_F_40_0815,40,Female,Unemployed,Upper-Middle,High School
VC_O_15_0816,15,Other,Freelancer,High,High School
VC_M_32_0817,32,Male,Government,Upper-Middle,Undergraduate
VC_O_38_0818,38,Other,Freelancer,Low,Undergraduate
VC_O_30_0819,30,Other,Unemployed,Upper-Middle,Postgraduate
VC_O_40_0820,40,Other,Freelancer,Lower-Middle,No Formal
VC_M_24_0821,24,Male,Government,Middle,Undergraduate
VC_O_44_0822,44,Other,Freelancer,Low,Undergraduate
VC_F_52_0823,52,Female,Government,Upper-Middle,High School
VC_M_26_0824,26,Male,Private Sector,Middle,Graduate
VC_M_25_0825,25,Male,Retired,High,Graduate
VC_O_44_0826,44,Other,Business Owner,Middle,Graduate
VC_O_45_0827,45,Other,Private Sector,Middle,Postgraduate
VC_O_24_0828,24,Other,Student,Middle,High School
VC_O_25_0829,25,Other,Student,Lower-Middle,Undergraduate
VC_F_27_0830,27,Female,Government,Middle,High School
VC_M_16_0831,16,Male,Unemployed,Middle,Graduate
VC_O_20_0832,20,Other,Retired,Low,Undergraduate
VC_F_19_0833,19,Female,Private Sector,High,High School
VC_O_22_0834,22,Other,Government,Low,Postgraduate
VC_M_29_0835,29,Male,Retired,Middle,Undergraduate
VC_F_32_0836,32,Female,Retired,Low,Postgraduate
VC_O_45_0837,45,Other,Retired,Lower-Middle,No Formal
VC_M_20_0838,20,Male,Unemployed,Middle,Graduate
VC_F_39_0839,39,Female,Retired,Lower-Middle,No Formal
VC_M_27_0840,27,Male,Government,High,High School
VC_M_29_0841,29,Male,Private Sector,Upper-Middle,Graduate
VC_M_36_0842,36,Male,Private Sector,Lower-Middle,No Formal
VC_F_18_0843,18,Female,Retired,Middle,Undergraduate
VC_M_33_0844,33,Male,Freelancer,High,Postgraduate
VC_F_31_0845,31,Female,Government,Middle,No Formal
VC_O_34_0846,34,Other,Private Sector,Lower-Middle,High School
VC_O_32_0847,32,Other,Government,Lower-Middle,Undergraduate
VC_M_54_0848,54,Male,Self-Employed,Lower-Middle,No Formal
VC_F_23_0849,23,Female,Private Sector,Low,No Formal
VC_F_24_0850,24,Female,Business Owner,Low,High School
VC_M_23_0851,23,Male,Student,High,Postgraduate
VC_M_24_0852,24,Male,Freelancer,Low,Undergraduate
VC_M_23_0853,23,Male,Private Sector,Middle,No Formal
VC_M_41_0854,41,Male,Private Sector,High,High School
VC_O_44_0855,44,Other,Self-Employed,Lower-Middle,Undergraduate
VC_M_24_0856,24,Male,Private Sector,Lower-Middle,Undergraduate
VC_O_21_0857,21,Other,Retired,Middle,High School
VC_O_34_0858,34,Other,Self-Employed,High,Postgraduate
VC_M_24_0859,24,Male,Private Sector,High,No Formal
VC_O_36_0860,36,Other,Self-Employed,Lower-Middle,Undergraduate
VC_M_32_0861,32,Male,Student,Low,High School
VC_O_15_0862,15,Other,Freelancer,Middle,Postgraduate
VC_M_45_0863,45,Male,Freelancer,Low,High School
VC_F_47_0864,47,Female,Business Owner,Upper-Middle,High School
VC_O_23_0865,23,Other,Self-Employed,Upper-Middle,No Formal
VC_F_26_0866,26,Female,Private Sector,Upper-Middle,No Formal
VC_O_32_0867,32,Other,Government,Upper-Middle,Undergraduate
VC_O_33_0868,33,Other,Unemployed,High,No Formal
VC_M_36_0869,36,Male,Retired,Upper-Middle,No Formal
VC_F_50_0870,50,Female,Unemployed,Upper-Middle,Postgraduate
VC_O_28_0871,28,Other,Unemployed,Upper-Middle,High School
VC_O_22_0872,22,Other,Business Owner,Middle,Graduate
VC_M_16_0873,16,Male,Private Sector,Upper-Middle,Undergraduate
VC_M_22_0874,22,Male,Student,Upper-Middle,No Formal
VC_F_29_0875,29,Female,Freelancer,High,No Formal
VC_M_47_0876,47,Male,Government,Upper-Middle,Graduate
VC_O_24_0877,24,Other,Private Sector,Lower-Middle,No Formal
VC_F_32_0878,32,Female,Self-Employed,Middle,High School
VC_O_29_0879,29,Other,Business Owner,Low,High School
VC_F_41_0880,41,Female,Freelancer,Middle,Postgraduate
VC_O_55_0881,55,Other,Unemployed,Upper-Middle,Undergraduate
VC_F_24_0882,24,Female,Business Owner,Upper-Middle,Postgraduate
VC_F_25_0883,25,Female,Government,Upper-Middle,No Formal
VC_M_40_0884,40,Male,Unemployed,Upper-Middle,Graduate
VC_M_36_0885,36,Male,Government,Low,No Formal
VC_O_48_0886,48,Other,Student,Low,Graduate
VC_O_35_0887,35,Other,Student,Lower-Middle,Graduate
VC_O_26_0888,26,Other,Retired,Lower-Middle,Undergraduate
VC_O_35_0889,35,Other,Private Sector,Low,Postgraduate
VC_F_41_0890,41,Female,Freelancer,Lower-Middle,Undergraduate
VC_O_38_0891,38,Other,Freelancer,Upper-Middle,Postgraduate
VC_F_35_0892,35,Female,Retired,High,Postgraduate
VC_M_40_0893,40,Male,Student,Upper-Middle,No Formal
VC_F_41_0894,41,Female,Freelancer,Middle,Graduate
VC_F_43_0895,43,Female,Freelancer,Low,No Formal
VC_M_36_0896,36,Male,Unemployed,Lower-Middle,Graduate
VC_F_28_0897,28,Female,Government,Middle,Graduate
VC_F_31_0898,31,Female,Private Sector,High,Graduate
VC_O_42_0899,42,Other,Freelancer,Upper-Middle,Postgraduate
VC_M_21_0900,21,Male,Student,Upper-Middle,Undergraduate
VC_F_33_0901,33,Female,Business Owner,High,Undergraduate
VC_F_26_0902,26,Female,Retired,Low,No Formal
VC_O_30_0903,30,Other,Student,Lower-Middle,Undergraduate
VC_F_42_0904,42,Female,Student,Middle,Graduate
VC_M_31_0905,31,Male,Business Owner,Middle,Undergraduate
VC_F_30_0906,30,Female,Retired,Low,High School
VC_M_16_0907,16,Male,Self-Employed,Middle,Postgraduate
VC_M_37_0908,37,Male,Private Sector,Middle,No Formal
VC_F_36_0909,36,Female,Government,Low,Postgraduate
VC_F_51_0910,51,Female,Student,Upper-Middle,Graduate
VC_O_26_0911,26,Other,Business Owner,Middle,No Formal
VC_O_32_0912,32,Other,Freelancer,High,No Formal
VC_F_32_0913,32,Female,Business Owner,High,Graduate
VC_F_45_0914,45,Female,Private Sector,Upper-Middle,No Formal
VC_O_29_0915,29,Other,Self-Employed,Middle,Graduate
VC_O_32_0916,32,Other,Retired,Lower-Middle,Postgraduate
VC_F_36_0917,36,Female,Retired,Upper-Middle,High School
VC_F_31_0918,31,Female,Private Sector,High,High School
VC_F_25_0919,25,Female,Unemployed,Low,Undergraduate
VC_O_31_0920,31,Other,Business Owner,Lower-Middle,Postgraduate
VC_O_40_0921,40,Other,Private Sector,High,No Formal
VC_O_19_0922,19,Other,Retired,Middle,No Formal
VC_O_31_0923,31,Other,Freelancer,Upper-Middle,High School
VC_F_22_0924,22,Female,Private Sector,Middle,Postgraduate
VC_F_41_0925,41,Female,Business Owner,High,Undergraduate
VC_M_15_0926,15,Male,Business Owner,Upper-Middle,Undergraduate
VC_O_24_0927,24,Other,Freelancer,High,High School
VC_M_33_0928,33,Male,Government,High,Graduate
VC_M_45_0929,45,Male,Freelancer,Middle,Postgraduate
VC_O_29_0930,29,Other,Business Owner,High,No Formal
VC_O_24_0931,24,Other,Self-Employed,Middle,Graduate
VC_M_48_0932,48,Male,Self-Employed,Lower-Middle,Undergraduate
VC_F_15_0933,15,Female,Business Owner,Middle,No Formal
VC_O_15_0934,15,Other,Self-Employed,Upper-Middle,Undergraduate
VC_F_34_0935,34,Female,Government,Middle,Postgraduate
VC_M_24_0936,24,Male,Business Owner,Lower-Middle,No Formal
VC_M_19_0937,19,Male,Self-Employed,Low,High School
VC_F_37_0938,37,Female,Freelancer,Upper-Middle,Postgraduate
VC_F_32_0939,32,Female,Business Owner,Low,High School
VC_M_24_0940,24,Male,Unemployed,Lower-Middle,No Formal
VC_F_17_0941,17,Female,Unemployed,High,High School
VC_O_38_0942,38,Other,Student,Upper-Middle,No Formal
VC_M_36_0943,36,Male,Private Sector,Middle,Postgraduate
VC_F_29_0944,29,Female,Private Sector,Upper-Middle,Undergraduate
VC_O_48_0945,48,Other,Private Sector,Upper-Middle,High School
VC_M_19_0946,19,Male,Private Sector,High,Postgraduate
VC_M_15_0947,15,Male,Unemployed,Upper-Middle,No Formal
VC_M_23_0948,23,Male,Private Sector,Middle,Undergraduate
VC_O_29_0949,29,Other,Business Owner,Lower-Middle,Graduate
VC_M_32_0950,32,Male,Government,Low,High School
VC_M_27_0951,27,Male,Unemployed,Upper-Middle,Graduate
VC_F_33_0952,33,Female,Student,Upper-Middle,Postgraduate
VC_F_17_0953,17,Female,Private Sector,Middle,Postgraduate
VC_F_44_0954,44,Female,Freelancer,Lower-Middle,Undergraduate
VC_M_29_0955,29,Male,Retired,Upper-Middle,Undergraduate
VC_F_41_0956,41,Female,Student,High,No Formal
VC_O_33_0957,33,Other,Student,Lower-Middle,Undergraduate
VC_O_34_0958,34,Other,Business Owner,Middle,Undergraduate
VC_O_35_0959,35,Other,Private Sector,High,High School
VC_F_34_0960,34,Female,Business Owner,Low,Graduate
VC_F_36_0961,36,Female,Unemployed,Low,High School
VC_F_43_0962,43,Female,Self-Employed,Lower-Middle,Graduate
VC_O_31_0963,31,Other,Retired,Upper-Middle,No Formal
VC_F_37_0964,37,Female,Private Sector,Upper-Middle,Graduate
VC_O_29_0965,29,Other,Business Owner,Middle,Graduate
VC_M_44_0966,44,Male,Government,Middle,Postgraduate
VC_M_23_0967,23,Male,Retired,Upper-Middle,Postgraduate
VC_O_48_0968,48,Other,Retired,Upper-Middle,No Formal
VC_M_29_0969,29,Male,Government,Upper-Middle,High School
VC_M_15_0970,15,Male,Business Owner,Lower-Middle,Undergraduate
VC_F_31_0971,31,Female,Private Sector,Low,High School
VC_M_23_0972,23,Male,Government,High,Graduate
VC_F_38_0973,38,Female,Freelancer,Upper-Middle,High School
VC_F_23_0974,23,Female,Government,High,Undergraduate
VC_F_25_0975,25,Female,Self-Employed,Low,Graduate
VC_F_15_0976,15,Female,Government,Upper-Middle,Graduate
VC_O_25_0977,25,Other,Self-Employed,Low,No Formal
VC_O_15_0978,15,Other,Self-Employed,Low,Graduate
VC_M_15_0979,15,Male,Unemployed,Lower-Middle,No Formal
VC_F_37_0980,37,Female,Business Owner,High,Undergraduate
VC_M_37_0981,37,Male,Private Sector,Middle,High School
VC_O_34_0982,34,Other,Private Sector,Low,Postgraduate
VC_F_20_0983,20,Female,Freelancer,Upper-Middle,No Formal
VC_M_29_0984,29,Male,Self-Employed,Lower-Middle,Undergraduate
VC_F_29_0985,29,Female,Freelancer,Upper-Middle,High School
VC_F_18_0986,18,Female,Self-Employed,High,High School
VC_F_45_0987,45,Female,Self-Employed,Upper-Middle,High School
VC_F_38_0988,38,Female,Government,Low,Undergraduate
VC_F_27_0989,27,Female,Self-Employed,High,Graduate
VC_M_30_0990,30,Male,Retired,High,Graduate
VC_M_32_0991,32,Male,Student,Upper-Middle,High School
VC_F_15_0992,15,Female,Business Owner,Lower-Middle,Graduate
VC_O_27_0993,27,Other,Business Owner,High,Undergraduate
VC_M_23_0994,23,Male,Private Sector,High,No Formal
VC_M_19_0995,19,Male,Retired,Lower-Middle,Graduate
VC_F_27_0996,27,Female,Student,Low,Undergraduate
VC_O_47_0997,47,Other,Business Owner,Middle,Graduate
VC_O_36_0998,36,Other,Retired,Lower-Middle,Postgraduate
VC_M_24_0999,24,Male,Government,Middle,High School
VC_O_35_1000,35,Other,Freelancer,Middle,Graduate
