crime_type_id,crime_type,cybercrime_category,modus_operandi,platform_used
CR_PHISH_001,Phishing,Financial Fraud,Email / SMS,Web Portal
CR_RANSOM_002,Ransomware,Malware / Extortion,File Encryption,Email/Download
CR_IDTHEFT_003,Identity Theft,Personal Data Misuse,Social Engineering,Social Media
CR_DDOS_004,DDoS Attack,Service Disruption,Traffic Flooding,Network
CR_HARASS_005,Online Harassment,Harassment,Messaging / Comments,Social Media
CR_CARDFR_006,Card Fraud,Payment Fraud,Card Skimming,POS/Online
CR_ROMSCAM_007,Romance Scam,Fraud,Fake Profiles,Dating App
CR_LOTSCAM_008,Lottery Scam,Fraud,False Prize Notification,Email/Phone
CR_BEC_009,Business Email Compromise,Financial Fraud,Email Compromise,Email
CR_VISH_010,Vishing,Phone Fraud,Voice Social Engineering,Phone
CR_MALW_011,Malware,Malicious Software,Drive-by / Attachment,Web/Email
CR_CRYPTO_012,Crypto Scam,Financial Fraud,Fake Investment,Web/App
CR_RECRUIT_013,Recruitment Fraud,Fraud,Fake Job Offer,Email/Portal
CR_JOBSCAM_014,Job Scam,Fraud,Advance Fee,Email/Website
CR_CSE_015,Child Sexual Exploitation,Sexual Offence,Grooming / Sharing,Web/Chat
CR_COUNTER_016,Counterfeit Goods,Trade Fraud,Fake Listings,E-commerce
CR_BOTNET_017,Botnet Attack,Malicious Network Activity,Compromised Devices,Network
CR_SUPPLY_018,Supply Chain Attack,Targeted Malware,Third-party Compromise,Software
CR_SEXTO_019,Sextortion,Extortion,Threats with Images,Email/Chat
CR_OTHER_020,Other,Other,Other,Other
